zip,city,state,latitude,longitude,timezone,dst
52761,Muscatine,IL,41.413372,-91.00612,-6,1
60001,Alden,IL,42.324761,-88.452481,-6,1
60002,Antioch,IL,42.46617,-88.09995,-6,1
60004,Arlington Heights,IL,42.108428,-87.97723,-6,1
60005,Arlington Heights,IL,42.069327,-87.98464,-6,1
60006,Arlington Heights,IL,41.811929,-87.68732,-6,1
60007,Elk Grove Village,IL,42.005978,-87.99847,-6,1
60008,Rolling Meadows,IL,42.07506,-88.02508,-6,1
60009,Elk Grove Village,IL,41.811929,-87.68732,-6,1
60010,Barrington,IL,42.160791,-88.15231,-6,1
60011,Barrington,IL,42.322814,-87.610053,-6,1
60012,Crystal Lake,IL,42.265643,-88.31664,-6,1
60013,Cary,IL,42.217523,-88.24338,-6,1
60014,Crystal Lake,IL,42.226623,-88.33066,-6,1
60015,Deerfield,IL,42.169325,-87.86556,-6,1
60016,Des Plaines,IL,42.047178,-87.89058,-6,1
60017,Des Plaines,IL,42.028779,-87.894366,-6,1
60018,Des Plaines,IL,42.008429,-87.89234,-6,1
60019,Des Plaines,IL,42.024278,-87.907066,-6,1
60020,Fox Lake,IL,42.409445,-88.17822,-6,1
60021,Fox River Grove,IL,42.194946,-88.21676,-6,1
60022,Glencoe,IL,42.130976,-87.76252,-6,1
60025,Glenview,IL,42.07672,-87.81922,-6,1
60026,Glenview Nas,IL,41.811929,-87.68732,-6,1
60029,Golf,IL,42.056529,-87.79286,-6,1
60030,Grayslake,IL,42.338955,-88.03433,-6,1
60031,Gurnee,IL,42.375821,-87.93517,-6,1
60033,Harvard,IL,42.424338,-88.61431,-6,1
60034,Hebron,IL,42.468318,-88.43125,-6,1
60035,Highland Park,IL,42.181875,-87.80956,-6,1
60037,Fort Sheridan,IL,42.21196,-87.80808,-6,1
60038,Palatine,IL,42.097976,-88.014072,-6,1
60039,Crystal Lake,IL,42.324761,-88.452481,-6,1
60040,Highwood,IL,42.205724,-87.81421,-6,1
60041,Ingleside,IL,42.372721,-88.15303,-6,1
60042,Island Lake,IL,42.277691,-88.20074,-6,1
60043,Kenilworth,IL,42.088128,-87.716,-6,1
60044,Lake Bluff,IL,42.286222,-87.86309,-6,1
60045,Lake Forest,IL,42.238087,-87.86093,-6,1
60046,Lake Villa,IL,42.410687,-88.05462,-6,1
60047,Lake Zurich,IL,42.199957,-88.05859,-6,1
60048,Libertyville,IL,42.290922,-87.95169,-6,1
60049,Long Grove,IL,42.198674,-88.041875,-6,1
60050,Mchenry,IL,42.348406,-88.24769,-6,1
60051,Mchenry,IL,42.324761,-88.452481,-6,1
60053,Morton Grove,IL,42.041999,-87.78882,-6,1
60054,McHenry,IL,42.35344,-88.260692,-6,1
60055,Palatine,IL,42.097976,-88.014072,-6,1
60056,Mount Prospect,IL,42.065427,-87.93621,-6,1
60060,Mundelein,IL,42.263623,-88.01172,-6,1
60061,Vernon Hills,IL,42.229856,-87.96779,-6,1
60062,Northbrook,IL,42.124576,-87.84303,-6,1
60064,North Chicago,IL,42.326072,-87.85202,-6,1
60065,Northbrook,IL,41.811929,-87.68732,-6,1
60067,Palatine,IL,42.10979,-88.04917,-6,1
60068,Park Ridge,IL,42.01183,-87.84158,-6,1
60069,Lincolnshire,IL,42.188074,-87.92717,-6,1
60070,Prospect Heights,IL,42.105576,-87.92816,-6,1
60071,Richmond,IL,42.464639,-88.3028,-6,1
60072,Ringwood,IL,42.405464,-88.30274,-6,1
60073,Round Lake,IL,42.366253,-88.09647,-6,1
60074,Palatine,IL,42.143819,-88.02546,-6,1
60075,Russell,IL,42.322814,-87.610053,-6,1
60076,Skokie,IL,42.03618,-87.7321,-6,1
60077,Skokie,IL,42.033313,-87.75764,-6,1
60078,Palatine,IL,41.811929,-87.68732,-6,1
60079,Waukegan,IL,42.322814,-87.610053,-6,1
60080,Solon Mills,IL,42.442519,-88.276047,-6,1
60081,Spring Grove,IL,42.441869,-88.22167,-6,1
60082,Techny,IL,42.116377,-87.812064,-6,1
60083,Wadsworth,IL,42.428187,-87.92935,-6,1
60084,Wauconda,IL,42.263181,-88.14328,-6,1
60085,Waukegan,IL,42.361271,-87.86187,-6,1
60086,North Chicago,IL,42.43335,-87.776595,-6,1
60087,Waukegan,IL,42.404272,-87.86525,-6,1
60088,Great Lakes,IL,42.312372,-87.85284,-6,1
60089,Buffalo Grove,IL,42.167638,-87.96393,-6,1
60090,Wheeling,IL,42.131526,-87.92958,-6,1
60091,Wilmette,IL,42.077178,-87.72373,-6,1
60092,Libertyville,IL,42.322814,-87.610053,-6,1
60093,Winnetka,IL,42.104127,-87.75016,-6,1
60094,Palatine,IL,41.811929,-87.68732,-6,1
60095,Palatine,IL,41.811929,-87.68732,-6,1
60096,Winthrop Harbor,IL,42.48067,-87.83018,-6,1
60097,Wonder Lake,IL,42.384504,-88.3495,-6,1
60098,Woodstock,IL,42.316121,-88.43884,-6,1
60099,Zion,IL,42.451371,-87.84862,-6,1
60101,Addison,IL,41.931573,-88.00222,-6,1
60102,Algonquin,IL,42.17315,-88.31849,-6,1
60103,Bartlett,IL,41.977477,-88.17257,-6,1
60104,Bellwood,IL,41.882924,-87.87642,-6,1
60105,Bensenville,IL,41.839679,-88.088716,-6,1
60106,Bensenville,IL,41.956479,-87.95117,-6,1
60107,Streamwood,IL,42.023977,-88.17657,-6,1
60108,Bloomingdale,IL,41.94954,-88.08256,-6,1
60109,Burlington,IL,42.052112,-88.54829,-6,1
60110,Carpentersville,IL,42.121188,-88.27227,-6,1
60111,Clare,IL,41.998231,-88.84223,-6,1
60112,Cortland,IL,41.921121,-88.6899,-6,1
60113,Creston,IL,41.93171,-88.96438,-6,1
60114,Addison,IL,41.839679,-88.088716,-6,1
60115,Dekalb,IL,41.924127,-88.74617,-6,1
60116,Carol Stream,IL,41.839679,-88.088716,-6,1
60117,Bloomingdale,IL,41.839679,-88.088716,-6,1
60118,Dundee,IL,42.101502,-88.28891,-6,1
60119,Elburn,IL,41.876506,-88.46429,-6,1
60120,Elgin,IL,42.037176,-88.25922,-6,1
60121,Elgin,IL,42.04133,-88.3126,-6,1
60122,Elgin,IL,42.067101,-88.304994,-6,1
60123,Elgin,IL,42.034776,-88.32393,-6,1
60125,Carol Stream,IL,41.839679,-88.088716,-6,1
60126,Elmhurst,IL,41.89103,-87.94181,-6,1
60127,Milton,IL,41.878878,-88.134469,-6,1
60128,Carol Stream,IL,41.839679,-88.088716,-6,1
60129,Esmond,IL,42.034502,-88.97084,-6,1
60130,Forest Park,IL,41.871331,-87.81235,-6,1
60131,Franklin Park,IL,41.93548,-87.87468,-6,1
60132,Carol Stream,IL,41.839679,-88.088716,-6,1
60133,Hanover Park,IL,41.980896,-88.144475,-6,1
60134,Geneva,IL,41.885728,-88.31957,-6,1
60135,Genoa,IL,42.10028,-88.6906,-6,1
60136,Gilberts,IL,42.099479,-88.36942,-6,1
60137,Glen Ellyn,IL,41.869779,-88.06285,-6,1
60138,Glen Ellyn,IL,41.839679,-88.088716,-6,1
60139,Glendale Heights,IL,41.920228,-88.07891,-6,1
60140,Hampshire,IL,42.086218,-88.5036,-6,1
60141,Hines,IL,41.858028,-87.83865,-6,1
60142,Huntley,IL,42.171973,-88.42891,-6,1
60143,Itasca,IL,41.972328,-88.02196,-6,1
60144,Kaneville,IL,41.936977,-88.420178,-6,1
60145,Kingston,IL,42.102014,-88.76647,-6,1
60146,Kirkland,IL,42.100571,-88.87665,-6,1
60147,Lafox,IL,41.936977,-88.420178,-6,1
60148,Lombard,IL,41.875429,-88.01723,-6,1
60149,Dement,IL,41.964197,-88.951205,-6,1
60150,Malta,IL,41.933061,-88.88293,-6,1
60151,Maple Park,IL,41.91842,-88.57626,-6,1
60152,Marengo,IL,42.242199,-88.61034,-6,1
60153,Maywood,IL,41.880281,-87.84455,-6,1
60154,Westchester,IL,41.851257,-87.88351,-6,1
60155,Broadview,IL,41.857931,-87.85477,-6,1
60156,Lake in the Hills,IL,42.185733,-88.348484,-6,1
60157,Medinah,IL,41.970628,-88.05606,-6,1
60159,Schaumburg,IL,41.811929,-87.68732,-6,1
60160,Melrose Park,IL,41.89988,-87.85978,-6,1
60161,Melrose Park,IL,41.811929,-87.68732,-6,1
60162,Hillside,IL,41.872997,-87.90101,-6,1
60163,Berkeley,IL,41.886794,-87.91052,-6,1
60164,Melrose Park,IL,41.91823,-87.89627,-6,1
60165,Stone Park,IL,41.90158,-87.88046,-6,1
60168,Schaumburg,IL,41.811929,-87.68732,-6,1
60170,Plato Center,IL,42.025776,-88.425931,-6,1
60171,River Grove,IL,41.92583,-87.84013,-6,1
60172,Roselle,IL,41.980761,-88.08704,-6,1
60173,Schaumburg,IL,42.051927,-88.04814,-6,1
60174,Saint Charles,IL,41.919808,-88.30498,-6,1
60175,Saint Charles,IL,41.944577,-88.38326,-6,1
60176,Schiller Park,IL,41.95683,-87.87193,-6,1
60177,South Elgin,IL,41.99215,-88.30609,-6,1
60178,Sycamore,IL,41.990505,-88.68704,-6,1
60179,Hoffman Estates,IL,42.079336,-88.223655,-6,1
60180,Union,IL,42.229437,-88.52606,-6,1
60181,Villa Park,IL,41.880429,-87.97813,-6,1
60182,Virgil,IL,41.908736,-88.59915,-6,1
60183,Wasco,IL,41.936977,-88.420178,-6,1
60184,Wayne,IL,41.953427,-88.25176,-6,1
60185,West Chicago,IL,41.891978,-88.20502,-6,1
60186,West Chicago,IL,41.839679,-88.088716,-6,1
60187,Wheaton,IL,41.858279,-88.10904,-6,1
60188,Carol Stream,IL,41.918578,-88.13688,-6,1
60189,Wheaton,IL,41.839679,-88.088716,-6,1
60190,Winfield,IL,41.875228,-88.15261,-6,1
60191,Wood Dale,IL,41.962979,-87.97688,-6,1
60192,Schaumburg,IL,42.065827,-88.21399,-6,1
60193,Schaumburg,IL,42.01299,-88.09675,-6,1
60194,Schaumburg,IL,42.037108,-88.10719,-6,1
60195,Schaumburg,IL,42.067809,-88.10828,-6,1
60196,Schaumburg,IL,42.056376,-88.072522,-6,1
60197,Carol Stream,IL,41.839679,-88.088716,-6,1
60198,Carol Stream,IL,41.839679,-88.088716,-6,1
60199,Carol Stream,IL,41.839679,-88.088716,-6,1
60201,Evanston,IL,42.056391,-87.69684,-6,1
60202,Evanston,IL,42.030327,-87.68828,-6,1
60203,Evanston,IL,42.048879,-87.7175,-6,1
60204,Evanston,IL,41.811929,-87.68732,-6,1
60208,Evanston,IL,42.058629,-87.684506,-6,1
60209,Evanston,IL,42.04973,-87.679408,-6,1
60301,Oak Park,IL,41.887981,-87.79562,-6,1
60302,Oak Park,IL,41.893941,-87.78899,-6,1
60303,Oak Park,IL,41.811929,-87.68732,-6,1
60304,Oak Park,IL,41.87355,-87.7885,-6,1
60305,River Forest,IL,41.893031,-87.81718,-6,1
60330,River Forest,IL,41.882081,-87.821359,-6,1
60401,Beecher,IL,41.350484,-87.62408,-6,1
60402,Berwyn,IL,41.836981,-87.79095,-6,1
60406,Blue Island,IL,41.656592,-87.68154,-6,1
60407,Braceville,IL,41.230524,-88.25503,-6,1
60408,Braidwood,IL,41.262178,-88.22307,-6,1
60409,Calumet City,IL,41.614188,-87.54638,-6,1
60410,Channahon,IL,41.439518,-88.20898,-6,1
60411,Chicago Heights,IL,41.511307,-87.6101,-6,1
60412,Chicago Heights,IL,41.811929,-87.68732,-6,1
60415,Chicago Ridge,IL,41.702482,-87.77869,-6,1
60416,Coal City,IL,41.292011,-88.2783,-6,1
60417,Crete,IL,41.439034,-87.61173,-6,1
60419,Dolton,IL,41.626839,-87.59865,-6,1
60420,Dwight,IL,41.089453,-88.42783,-6,1
60421,Elwood,IL,41.429681,-88.10284,-6,1
60422,Flossmoor,IL,41.539384,-87.68424,-6,1
60423,Frankfort,IL,41.501178,-87.83875,-6,1
60424,Gardner,IL,41.174117,-88.30954,-6,1
60425,Glenwood,IL,41.544584,-87.61289,-6,1
60426,Harvey,IL,41.609078,-87.66264,-6,1
60429,Hazel Crest,IL,41.574034,-87.67857,-6,1
60430,Homewood,IL,41.556734,-87.66464,-6,1
60431,Joliet,IL,41.52493,-88.19022,-6,1
60432,Joliet,IL,41.533631,-88.05592,-6,1
60433,Joliet,IL,41.511644,-88.05698,-6,1
60434,Joliet,IL,41.52543,-88.084208,-6,1
60435,Joliet,IL,41.54338,-88.11963,-6,1
60436,Joliet,IL,41.50798,-88.10553,-6,1
60437,Kinsman,IL,41.168761,-88.55792,-6,1
60438,Lansing,IL,41.565685,-87.54819,-6,1
60439,Lemont,IL,41.676028,-87.98258,-6,1
60440,Bolingbrook,IL,41.703097,-88.07462,-6,1
60441,Lockport,IL,41.598235,-88.02753,-6,1
60442,Manhattan,IL,41.407474,-87.96883,-6,1
60443,Matteson,IL,41.503468,-87.73695,-6,1
60444,Mazon,IL,41.243419,-88.40325,-6,1
60445,Midlothian,IL,41.631683,-87.73309,-6,1
60446,Romeoville,IL,41.64273,-88.09934,-6,1
60447,Minooka,IL,41.473553,-88.29167,-6,1
60448,Mokena,IL,41.536782,-87.88582,-6,1
60449,Monee,IL,41.422555,-87.75531,-6,1
60450,Morris,IL,41.370642,-88.40749,-6,1
60451,New Lenox,IL,41.509231,-87.96475,-6,1
60452,Oak Forest,IL,41.605633,-87.75356,-6,1
60453,Oak Lawn,IL,41.715082,-87.7546,-6,1
60454,Oak Lawn,IL,41.811929,-87.68732,-6,1
60455,Bridgeview,IL,41.742432,-87.80678,-6,1
60456,Hometown,IL,41.730533,-87.73198,-6,1
60457,Hickory Hills,IL,41.723782,-87.82825,-6,1
60458,Justice,IL,41.746432,-87.83557,-6,1
60459,Burbank,IL,41.744082,-87.77022,-6,1
60460,Odell,IL,41.00148,-88.52981,-6,1
60461,Olympia Fields,IL,41.51829,-87.69274,-6,1
60462,Orland Park,IL,41.623532,-87.83542,-6,1
60463,Palos Heights,IL,41.663548,-87.79148,-6,1
60464,Palos Park,IL,41.664582,-87.84378,-6,1
60465,Palos Hills,IL,41.699432,-87.82977,-6,1
60466,Park Forest,IL,41.472934,-87.68767,-6,1
60467,Orland Park,IL,41.598255,-87.89201,-6,1
60468,Peotone,IL,41.331114,-87.79917,-6,1
60469,Posen,IL,41.628034,-87.68694,-6,1
60470,Ransom,IL,41.169068,-88.6494,-6,1
60471,Richton Park,IL,41.483844,-87.72134,-6,1
60472,Robbins,IL,41.642933,-87.70814,-6,1
60473,South Holland,IL,41.597472,-87.59909,-6,1
60474,South Wilmington,IL,41.173313,-88.27494,-6,1
60475,Steger,IL,41.470084,-87.63369,-6,1
60476,Thornton,IL,41.570384,-87.60839,-6,1
60477,Tinley Park,IL,41.5738,-87.80389,-6,1
60478,Country Club Hills,IL,41.561134,-87.72398,-6,1
60479,Verona,IL,41.231718,-88.52659,-6,1
60480,Willow Springs,IL,41.737616,-87.87778,-6,1
60481,Wilmington,IL,41.298186,-88.1464,-6,1
60482,Worth,IL,41.688827,-87.79265,-6,1
60490,Bolingbrook,IL,41.684752,-88.14203,-6,1
60499,Bedford Park,IL,41.811929,-87.68732,-6,1
60501,Summit Argo,IL,41.784832,-87.81,-6,1
60504,Aurora,IL,41.760067,-88.25218,-6,1
60505,Aurora,IL,41.756129,-88.29699,-6,1
60506,Aurora,IL,41.766029,-88.35254,-6,1
60507,Aurora,IL,41.936977,-88.420178,-6,1
60510,Batavia,IL,41.845228,-88.30995,-6,1
60511,Big Rock,IL,41.75537,-88.54865,-6,1
60512,Bristol,IL,41.706034,-88.41296,-6,1
60513,Brookfield,IL,41.822681,-87.84753,-6,1
60514,Clarendon Hills,IL,41.779533,-87.95798,-6,1
60515,Downers Grove,IL,41.80348,-88.01827,-6,1
60516,Downers Grove,IL,41.761463,-88.01334,-6,1
60517,Woodridge,IL,41.75253,-88.04864,-6,1
60518,Earlville,IL,41.599139,-88.91932,-6,1
60519,Eola,IL,41.778379,-88.24268,-6,1
60520,Hinckley,IL,41.776884,-88.64655,-6,1
60521,Hinsdale,IL,41.772915,-87.92996,-6,1
60522,Hinsdale,IL,41.839679,-88.088716,-6,1
60523,Oak Brook,IL,41.837716,-87.96041,-6,1
60525,La Grange,IL,41.788536,-87.87605,-6,1
60526,La Grange Park,IL,41.829831,-87.8704,-6,1
60527,Hinsdale,IL,41.839679,-88.088716,-6,1
60530,Lee,IL,41.792378,-88.9516,-6,1
60531,Leland,IL,41.620636,-88.78895,-6,1
60532,Lisle,IL,41.789079,-88.08536,-6,1
60534,Lyons,IL,41.812331,-87.82318,-6,1
60536,Millbrook,IL,41.598631,-88.55317,-6,1
60537,Millington,IL,41.56253,-88.59921,-6,1
60538,Montgomery,IL,41.721886,-88.32972,-6,1
60539,Mooseheart,IL,41.823478,-88.3332,-6,1
60540,Naperville,IL,41.764779,-88.14579,-6,1
60541,Newark,IL,41.529433,-88.53552,-6,1
60542,North Aurora,IL,41.809387,-88.32931,-6,1
60543,Oswego,IL,41.684896,-88.34177,-6,1
60544,Plainfield,IL,41.607624,-88.19736,-6,1
60545,Plano,IL,41.665654,-88.53697,-6,1
60546,Riverside,IL,41.836131,-87.82163,-6,1
60548,Sandwich,IL,41.645393,-88.63052,-6,1
60549,Serena,IL,41.490329,-88.74998,-6,1
60550,Shabbona,IL,41.769322,-88.86858,-6,1
60551,Sheridan,IL,41.527585,-88.68292,-6,1
60552,Somonauk,IL,41.645998,-88.69,-6,1
60553,Steward,IL,41.830628,-89.01704,-6,1
60554,Sugar Grove,IL,41.779939,-88.45183,-6,1
60555,Warrenville,IL,41.82552,-88.19452,-6,1
60556,Waterman,IL,41.768498,-88.77539,-6,1
60557,Wedron,IL,41.438531,-88.76933,-6,1
60558,Western Springs,IL,41.805531,-87.90103,-6,1
60559,Westmont,IL,41.795358,-87.97778,-6,1
60560,Yorkville,IL,41.631342,-88.43996,-6,1
60561,Darien,IL,41.745623,-87.98108,-6,1
60563,Naperville,IL,41.794885,-88.16188,-6,1
60564,Naperville,IL,41.707118,-88.19634,-6,1
60565,Naperville,IL,41.728738,-88.12824,-6,1
60566,Naperville,IL,41.839679,-88.088716,-6,1
60567,Naperville,IL,41.839679,-88.088716,-6,1
60568,Aurora,IL,41.935616,-88.43238,-6,1
60570,Hinsdale,IL,41.839679,-88.088716,-6,1
60572,Aurora,IL,41.839679,-88.088716,-6,1
60597,Fox Valley,IL,41.839679,-88.088716,-6,1
60598,Aurora,IL,41.839679,-88.088716,-6,1
60599,Fox Valley,IL,41.839679,-88.088716,-6,1
60601,Chicago,IL,41.886456,-87.62325,-6,1
60602,Chicago,IL,41.882937,-87.62874,-6,1
60603,Chicago,IL,41.880446,-87.63014,-6,1
60604,Chicago,IL,41.877589,-87.62818,-6,1
60605,Chicago,IL,41.860019,-87.6187,-6,1
60606,Chicago,IL,41.882582,-87.6376,-6,1
60607,Chicago,IL,41.875882,-87.65114,-6,1
60608,Chicago,IL,41.850532,-87.6699,-6,1
60609,Chicago,IL,41.814283,-87.65282,-6,1
60610,Chicago,IL,41.898582,-87.6371,-6,1
60611,Chicago,IL,41.904667,-87.62504,-6,1
60612,Chicago,IL,41.880682,-87.6877,-6,1
60613,Chicago,IL,41.953256,-87.6629,-6,1
60614,Chicago,IL,41.922682,-87.65432,-6,1
60615,Chicago,IL,41.801525,-87.60215,-6,1
60616,Chicago,IL,41.8474,-87.63126,-6,1
60617,Chicago,IL,41.719973,-87.5557,-6,1
60618,Chicago,IL,41.945681,-87.7048,-6,1
60619,Chicago,IL,41.744834,-87.60444,-6,1
60620,Chicago,IL,41.740483,-87.65282,-6,1
60621,Chicago,IL,41.776983,-87.6404,-6,1
60622,Chicago,IL,41.900332,-87.66927,-6,1
60623,Chicago,IL,41.850232,-87.718,-6,1
60624,Chicago,IL,41.879365,-87.72199,-6,1
60625,Chicago,IL,41.971614,-87.70256,-6,1
60626,Chicago,IL,42.009731,-87.66938,-6,1
60628,Chicago,IL,41.695434,-87.62255,-6,1
60629,Chicago,IL,41.777482,-87.71155,-6,1
60630,Chicago,IL,41.971044,-87.75869,-6,1
60631,Chicago,IL,41.99623,-87.81091,-6,1
60632,Chicago,IL,41.809299,-87.7105,-6,1
60633,Chicago,IL,41.655423,-87.55365,-6,1
60634,Chicago,IL,41.944454,-87.79654,-6,1
60636,Chicago,IL,41.776633,-87.66854,-6,1
60637,Chicago,IL,41.779384,-87.60544,-6,1
60638,Chicago,IL,41.787982,-87.7738,-6,1
60639,Chicago,IL,41.921431,-87.75415,-6,1
60640,Chicago,IL,41.973181,-87.6665,-6,1
60641,Chicago,IL,41.946431,-87.74576,-6,1
60643,Chicago,IL,41.696433,-87.65993,-6,1
60644,Chicago,IL,41.881331,-87.75671,-6,1
60645,Chicago,IL,42.008956,-87.69634,-6,1
60646,Chicago,IL,41.995331,-87.7601,-6,1
60647,Chicago,IL,41.921126,-87.70085,-6,1
60648,Peotone,IL,41.335445,-87.785286,-6,1
60649,Chicago,IL,41.761734,-87.57072,-6,1
60650,Chicago,IL,41.818682,-87.743454,-6,1
60651,Chicago,IL,41.901485,-87.74055,-6,1
60652,Chicago,IL,41.7446,-87.71188,-6,1
60653,Chicago,IL,41.819833,-87.61269,-6,1
60654,Chicago,IL,41.888627,-87.63538,-6,1
60655,Chicago,IL,41.696283,-87.69912,-6,1
60656,Chicago,IL,41.97508,-87.8163,-6,1
60657,Chicago,IL,41.940832,-87.65852,-6,1
60659,Chicago,IL,41.991381,-87.70378,-6,1
60660,Chicago,IL,41.990631,-87.6667,-6,1
60661,Chicago,IL,41.882082,-87.64461,-6,1
60663,Chicago,IL,41.811929,-87.68732,-6,1
60664,Chicago,IL,41.811929,-87.68732,-6,1
60665,Chicago,IL,41.811929,-87.68732,-6,1
60666,Amf Ohare,IL,41.968029,-87.891214,-6,1
60667,Chicago,IL,41.811929,-87.68732,-6,1
60668,Chicago,IL,41.811929,-87.68732,-6,1
60669,Chicago,IL,41.811929,-87.68732,-6,1
60670,Chicago,IL,41.811929,-87.68732,-6,1
60671,Chicago,IL,41.811929,-87.68732,-6,1
60672,Chicago,IL,41.811929,-87.68732,-6,1
60673,Chicago,IL,41.811929,-87.68732,-6,1
60674,Chicago,IL,41.811929,-87.68732,-6,1
60675,Chicago,IL,41.811929,-87.68732,-6,1
60677,Chicago,IL,41.811929,-87.68732,-6,1
60678,Chicago,IL,41.811929,-87.68732,-6,1
60679,Chicago,IL,41.811929,-87.68732,-6,1
60680,Chicago,IL,41.811929,-87.68732,-6,1
60681,Chicago,IL,41.811929,-87.68732,-6,1
60683,Chicago,IL,41.811929,-87.68732,-6,1
60684,Chicago,IL,41.811929,-87.68732,-6,1
60685,Chicago,IL,41.811929,-87.68732,-6,1
60687,Chicago,IL,41.811929,-87.68732,-6,1
60690,Chicago,IL,41.811929,-87.68732,-6,1
60691,Chicago,IL,41.811929,-87.68732,-6,1
60692,Chicago,IL,41.867532,-87.672553,-6,1
60693,Chicago,IL,42.096428,-87.71791,-6,1
60694,Chicago,IL,41.811929,-87.68732,-6,1
60697,Chicago,IL,41.811929,-87.68732,-6,1
60699,Chicago,IL,41.811929,-87.68732,-6,1
60701,Chicago,IL,41.811929,-87.68732,-6,1
60706,Harwood Heights,IL,41.96418,-87.81686,-6,1
60707,Elmwood Park,IL,41.922681,-87.80805,-6,1
60712,Lincolnwood,IL,42.005331,-87.73545,-6,1
60714,Niles,IL,42.032379,-87.81563,-6,1
60803,Alsip,IL,41.675861,-87.73189,-6,1
60804,Cicero,IL,41.844382,-87.7599,-6,1
60805,Evergreen Park,IL,41.719933,-87.70249,-6,1
60827,Riverdale,IL,41.649717,-87.63292,-6,1
60901,Kankakee,IL,41.114132,-87.86784,-6,1
60902,Kankakee,IL,41.146464,-87.888971,-6,1
60910,Aroma Park,IL,41.078981,-87.80536,-6,1
60911,Ashkum,IL,40.883641,-87.9667,-6,1
60912,Beaverville,IL,40.968579,-87.61611,-6,1
60913,Bonfield,IL,41.147958,-88.06412,-6,1
60914,Bourbonnais,IL,41.170442,-87.86891,-6,1
60915,Bradley,IL,41.144256,-87.86239,-6,1
60917,Buckingham,IL,41.04699,-88.18649,-6,1
60918,Buckley,IL,40.598963,-88.03308,-6,1
60919,Cabery,IL,40.987824,-88.23737,-6,1
60920,Campus,IL,41.024846,-88.30797,-6,1
60921,Chatsworth,IL,40.757447,-88.29306,-6,1
60922,Chebanse,IL,41.005603,-87.90649,-6,1
60924,Cissna Park,IL,40.565374,-87.88177,-6,1
60926,Claytonville,IL,40.572516,-87.81825,-6,1
60927,Clifton,IL,40.937573,-87.94105,-6,1
60928,Crescent City,IL,40.766096,-87.85474,-6,1
60929,Cullom,IL,40.873,-88.28676,-6,1
60930,Danforth,IL,40.823527,-87.9874,-6,1
60931,Donovan,IL,40.876303,-87.60159,-6,1
60932,East Lynn,IL,40.465251,-87.80112,-6,1
60933,Elliott,IL,40.465744,-88.26994,-6,1
60934,Emington,IL,40.966528,-88.34937,-6,1
60935,Essex,IL,41.17569,-88.17268,-6,1
60936,Gibson City,IL,40.463079,-88.3731,-6,1
60938,Gilman,IL,40.767194,-87.98929,-6,1
60939,Goodwine,IL,40.748087,-87.82876,-6,1
60940,Grant Park,IL,41.244016,-87.64464,-6,1
60941,Herscher,IL,41.05113,-88.08957,-6,1
60942,Hoopeston,IL,40.465869,-87.66766,-6,1
60944,Hopkins Park,IL,41.146464,-87.888971,-6,1
60945,Iroquois,IL,40.827011,-87.58356,-6,1
60946,Kempton,IL,40.908942,-88.21304,-6,1
60948,Loda,IL,40.526477,-88.0821,-6,1
60949,Ludlow,IL,40.375602,-88.11524,-6,1
60950,Manteno,IL,41.250408,-87.85125,-6,1
60951,Martinton,IL,40.912916,-87.75589,-6,1
60952,Melvin,IL,40.562833,-88.25053,-6,1
60953,Milford,IL,40.624025,-87.69618,-6,1
60954,Momence,IL,41.147918,-87.63579,-6,1
60955,Onarga,IL,40.706634,-87.99624,-6,1
60956,Papineau,IL,40.966993,-87.716074,-6,1
60957,Paxton,IL,40.448736,-88.11405,-6,1
60959,Piper City,IL,40.779834,-88.18012,-6,1
60960,Rankin,IL,40.439688,-87.89016,-6,1
60961,Reddick,IL,41.105629,-88.23794,-6,1
60962,Roberts,IL,40.625486,-88.18667,-6,1
60963,Rossville,IL,40.372447,-87.6603,-6,1
60964,Saint Anne,IL,41.045785,-87.68963,-6,1
60966,Sheldon,IL,40.762507,-87.57423,-6,1
60967,Stockland,IL,40.613942,-87.59259,-6,1
60968,Thawville,IL,40.6756,-88.10761,-6,1
60969,Union Hill,IL,41.109101,-88.14732,-6,1
60970,Watseka,IL,40.784447,-87.74051,-6,1
60973,Wellington,IL,40.543697,-87.66475,-6,1
60974,Woodland,IL,40.710295,-87.73137,-6,1
61001,Apple River,IL,42.472458,-90.12098,-6,1
61006,Ashton,IL,41.865034,-89.21536,-6,1
61007,Baileyville,IL,42.199457,-89.59662,-6,1
61008,Belvidere,IL,42.257229,-88.84755,-6,1
61010,Byron,IL,42.131245,-89.26637,-6,1
61011,Caledonia,IL,42.376423,-88.9325,-6,1
61012,Capron,IL,42.401104,-88.74726,-6,1
61013,Cedarville,IL,42.375078,-89.63382,-6,1
61014,Chadwick,IL,41.97068,-89.87508,-6,1
61015,Chana,IL,41.982993,-89.2128,-6,1
61016,Cherry Valley,IL,42.222221,-88.9543,-6,1
61017,Coleta,IL,41.902977,-89.804293,-6,1
61018,Dakota,IL,42.403305,-89.55466,-6,1
61019,Davis,IL,42.440374,-89.40925,-6,1
61020,Davis Junction,IL,42.101928,-89.09369,-6,1
61021,Dixon,IL,41.843702,-89.47636,-6,1
61024,Durand,IL,42.436585,-89.30394,-6,1
61025,East Dubuque,IL,42.483971,-90.58945,-6,1
61027,Eleroy,IL,42.332038,-89.761171,-6,1
61028,Elizabeth,IL,42.298773,-90.17778,-6,1
61030,Forreston,IL,42.119619,-89.58242,-6,1
61031,Franklin Grove,IL,41.84036,-89.31176,-6,1
61032,Freeport,IL,42.300918,-89.63208,-6,1
61036,Galena,IL,42.400744,-90.39738,-6,1
61037,Galt,IL,41.788761,-89.76182,-6,1
61038,Garden Prairie,IL,42.255617,-88.74344,-6,1
61039,German Valley,IL,42.213851,-89.47449,-6,1
61041,Hanover,IL,42.270426,-90.31077,-6,1
61042,Harmon,IL,41.69339,-89.56986,-6,1
61043,Holcomb,IL,42.045123,-89.313593,-6,1
61044,Kent,IL,42.320303,-89.91237,-6,1
61046,Lanark,IL,42.111421,-89.82436,-6,1
61047,Leaf River,IL,42.139244,-89.3968,-6,1
61048,Lena,IL,42.381064,-89.83062,-6,1
61049,Lindenwood,IL,42.054546,-89.02456,-6,1
61050,McConnell,IL,42.4447,-89.72708,-6,1
61051,Milledgeville,IL,41.965904,-89.75896,-6,1
61052,Monroe Center,IL,42.110548,-89.00751,-6,1
61053,Mount Carroll,IL,42.1009,-89.98255,-6,1
61054,Mount Morris,IL,42.046139,-89.44025,-6,1
61057,Nachusa,IL,41.830896,-89.39613,-6,1
61058,Nelson,IL,41.797256,-89.599529,-6,1
61059,Nora,IL,42.455036,-89.94561,-6,1
61060,Orangeville,IL,42.475891,-89.63404,-6,1
61061,Oregon,IL,42.00663,-89.33932,-6,1
61062,Pearl City,IL,42.250987,-89.83571,-6,1
61063,Pecatonica,IL,42.307665,-89.34453,-6,1
61064,Polo,IL,41.989386,-89.59084,-6,1
61065,Poplar Grove,IL,42.364394,-88.84665,-6,1
61067,Ridott,IL,42.298218,-89.47652,-6,1
61068,Rochelle,IL,41.935139,-89.06891,-6,1
61070,Rock City,IL,42.407384,-89.46228,-6,1
61071,Rock Falls,IL,41.759473,-89.69452,-6,1
61072,Rockton,IL,42.447856,-89.08485,-6,1
61073,Roscoe,IL,42.419097,-89.00407,-6,1
61074,Savanna,IL,42.099635,-90.12858,-6,1
61075,Scales Mound,IL,42.473737,-90.25362,-6,1
61076,Scioto Mills,IL,42.355422,-89.667939,-6,1
61077,Seward,IL,42.236813,-89.35828,-6,1
61078,Shannon,IL,42.15834,-89.73555,-6,1
61079,Shirland,IL,42.325364,-89.170527,-6,1
61080,South Beloit,IL,42.484835,-89.02756,-6,1
61081,Sterling,IL,41.813776,-89.70537,-6,1
61084,Stillman Valley,IL,42.112207,-89.18633,-6,1
61085,Stockton,IL,42.350108,-90.02362,-6,1
61087,Warren,IL,42.491388,-89.98979,-6,1
61088,Winnebago,IL,42.271385,-89.25099,-6,1
61089,Winslow,IL,42.475078,-89.81607,-6,1
61091,Woosung,IL,41.905844,-89.54255,-6,1
61101,Rockford,IL,42.292221,-89.12574,-6,1
61102,Rockford,IL,42.25517,-89.1297,-6,1
61103,Rockford,IL,42.303365,-89.08246,-6,1
61104,Rockford,IL,42.25537,-89.07602,-6,1
61105,Rockford,IL,42.325364,-89.170527,-6,1
61106,Rockford,IL,42.325364,-89.170527,-6,1
61107,Rockford,IL,42.280019,-89.03347,-6,1
61108,Rockford,IL,42.254087,-89.01776,-6,1
61109,Rockford,IL,42.213439,-89.05595,-6,1
61110,Rockford,IL,42.325364,-89.170527,-6,1
61111,Loves Park,IL,42.326227,-89.02573,-6,1
61112,Rockford,IL,42.245596,-88.97586,-6,1
61114,Rockford,IL,42.306666,-89.00839,-6,1
61115,Machesney Park,IL,42.352539,-89.04186,-6,1
61125,Rockford,IL,42.325364,-89.170527,-6,1
61126,Rockford,IL,42.325364,-89.170527,-6,1
61130,Loves Park,IL,42.325364,-89.170527,-6,1
61131,Loves Park,IL,42.325364,-89.170527,-6,1
61132,Loves Park,IL,42.325364,-89.170527,-6,1
61201,Rock Island,IL,41.4903,-90.56956,-6,1
61202,Rock Island,IL,41.466752,-90.58714,-6,1
61204,Rock Island,IL,41.554901,-90.615975,-6,1
61206,Rock Island,IL,41.554901,-90.615975,-6,1
61230,Albany,IL,41.766003,-90.22322,-6,1
61231,Aledo,IL,41.202461,-90.73137,-6,1
61232,Andalusia,IL,41.440852,-90.71957,-6,1
61233,Andover,IL,41.292977,-90.29334,-6,1
61234,Annawan,IL,41.412944,-89.92236,-6,1
61235,Atkinson,IL,41.409646,-90.01821,-6,1
61236,Barstow,IL,41.518317,-90.35597,-6,1
61237,Buffalo Prairie,IL,41.336752,-90.852226,-6,1
61238,Cambridge,IL,41.286797,-90.17486,-6,1
61239,Carbon Cliff,IL,41.497667,-90.39047,-6,1
61240,Coal Valley,IL,41.439784,-90.428,-6,1
61241,Colona,IL,41.483484,-90.34046,-6,1
61242,Cordova,IL,41.697188,-90.30177,-6,1
61243,Deer Grove,IL,41.610151,-89.66298,-6,1
61244,East Moline,IL,41.518733,-90.41788,-6,1
61250,Erie,IL,41.657803,-90.08613,-6,1
61251,Fenton,IL,41.738551,-90.06922,-6,1
61252,Fulton,IL,41.863049,-90.14524,-6,1
61254,Geneseo,IL,41.464473,-90.15854,-6,1
61256,Hampton,IL,41.554666,-90.40987,-6,1
61257,Hillsdale,IL,41.590161,-90.20392,-6,1
61258,Hooppole,IL,41.522044,-89.91216,-6,1
61259,Illinois City,IL,41.369036,-90.9284,-6,1
61260,Joy,IL,41.228561,-90.87565,-6,1
61261,Lyndon,IL,41.719782,-89.92116,-6,1
61262,Lynn Center,IL,41.28595,-90.36117,-6,1
61263,Matherville,IL,41.260255,-90.60587,-6,1
61264,Milan,IL,41.426583,-90.57639,-6,1
61265,Moline,IL,41.490333,-90.50006,-6,1
61266,Moline,IL,41.554901,-90.615975,-6,1
61270,Morrison,IL,41.819003,-89.96623,-6,1
61272,New Boston,IL,41.223984,-91.0123,-6,1
61273,Orion,IL,41.357236,-90.38482,-6,1
61274,Osco,IL,41.372408,-90.27031,-6,1
61275,Port Byron,IL,41.599642,-90.31978,-6,1
61276,Preemption,IL,41.30589,-90.5979,-6,1
61277,Prophetstown,IL,41.612038,-89.93036,-6,1
61278,Rapids City,IL,41.585883,-90.343228,-6,1
61279,Reynolds,IL,41.31653,-90.70671,-6,1
61281,Sherrard,IL,41.303101,-90.50615,-6,1
61282,Silvis,IL,41.501234,-90.41404,-6,1
61283,Tampico,IL,41.605825,-89.77628,-6,1
61284,Taylor Ridge,IL,41.406276,-90.735,-6,1
61285,Thomson,IL,41.978758,-90.09248,-6,1
61299,Rock Island,IL,41.520333,-90.541585,-6,1
61301,La Salle,IL,41.347117,-89.08974,-6,1
61310,Amboy,IL,41.707588,-89.34371,-6,1
61311,Ancona,IL,41.042878,-88.86268,-6,1
61312,Arlington,IL,41.435197,-89.23432,-6,1
61313,Blackstone,IL,41.064946,-88.66836,-6,1
61314,Buda,IL,41.310471,-89.67662,-6,1
61315,Bureau,IL,41.289819,-89.37069,-6,1
61316,Cedar Point,IL,41.261853,-89.12523,-6,1
61317,Cherry,IL,41.4276,-89.21243,-6,1
61318,Compton,IL,41.710715,-89.07807,-6,1
61319,Cornell,IL,41.011259,-88.74854,-6,1
61320,Dalzell,IL,41.350864,-89.17366,-6,1
61321,Dana,IL,40.963663,-88.97932,-6,1
61322,Depue,IL,41.321814,-89.3086,-6,1
61323,Dover,IL,41.435327,-89.39583,-6,1
61324,Eldena,IL,41.770952,-89.41267,-6,1
61325,Grand Ridge,IL,41.234167,-88.82807,-6,1
61326,Granville,IL,41.264159,-89.23655,-6,1
61327,Hennepin,IL,41.252101,-89.32451,-6,1
61328,Kasbeer,IL,41.504603,-89.46289,-6,1
61329,Ladd,IL,41.380259,-89.21239,-6,1
61330,La Moille,IL,41.53364,-89.27691,-6,1
61331,Lee Center,IL,41.747471,-89.27713,-6,1
61332,Leonore,IL,41.190024,-88.98238,-6,1
61333,Long Point,IL,40.990965,-88.88278,-6,1
61334,Lostant,IL,41.144329,-89.08815,-6,1
61335,McNabb,IL,41.168946,-89.2205,-6,1
61336,Magnolia,IL,41.111077,-89.21207,-6,1
61337,Malden,IL,41.427282,-89.36622,-6,1
61338,Manlius,IL,41.4547,-89.66966,-6,1
61340,Mark,IL,41.265597,-89.25106,-6,1
61341,Marseilles,IL,41.336202,-88.69727,-6,1
61342,Mendota,IL,41.543149,-89.10696,-6,1
61344,Mineral,IL,41.394429,-89.84111,-6,1
61345,Neponset,IL,41.280262,-89.79442,-6,1
61346,New Bedford,IL,41.513879,-89.71842,-6,1
61348,Oglesby,IL,41.292401,-89.05943,-6,1
61349,Ohio,IL,41.543342,-89.44078,-6,1
61350,Ottawa,IL,41.35263,-88.84734,-6,1
61353,Paw Paw,IL,41.690735,-88.98815,-6,1
61354,Peru,IL,41.330789,-89.1299,-6,1
61356,Princeton,IL,41.372528,-89.44315,-6,1
61358,Rutland,IL,40.986256,-89.04364,-6,1
61359,Seatonville,IL,41.363772,-89.26975,-6,1
61360,Seneca,IL,41.320345,-88.61017,-6,1
61361,Sheffield,IL,41.400837,-89.74444,-6,1
61362,Spring Valley,IL,41.332908,-89.20847,-6,1
61363,Standard,IL,41.25645,-89.17901,-6,1
61364,Streator,IL,41.129482,-88.83666,-6,1
61367,Sublette,IL,41.638122,-89.26889,-6,1
61368,Tiskilwa,IL,41.279825,-89.50492,-6,1
61369,Toluca,IL,40.992084,-89.15231,-6,1
61370,Tonica,IL,41.21076,-89.03886,-6,1
61371,Triumph,IL,41.499089,-89.021881,-6,1
61372,Troy Grove,IL,41.466102,-89.07794,-6,1
61373,Utica,IL,41.37061,-89.0149,-6,1
61374,Van Orin,IL,41.543813,-89.35449,-6,1
61375,Varna,IL,41.037822,-89.25682,-6,1
61376,Walnut,IL,41.546706,-89.60081,-6,1
61377,Wenona,IL,41.057649,-89.04788,-6,1
61378,West Brooklyn,IL,41.722744,-89.15601,-6,1
61379,Wyanet,IL,41.369056,-89.60321,-6,1
61401,Galesburg,IL,40.948073,-90.36871,-6,1
61402,Galesburg,IL,40.932207,-90.214412,-6,1
61410,Abingdon,IL,40.802633,-90.39766,-6,1
61411,Adair,IL,40.401282,-90.50153,-6,1
61412,Alexis,IL,41.067549,-90.57994,-6,1
61413,Alpha,IL,41.189123,-90.36813,-6,1
61414,Altona,IL,41.117342,-90.16063,-6,1
61415,Avon,IL,40.661165,-90.43908,-6,1
61416,Bardolph,IL,40.496817,-90.56334,-6,1
61417,Berwick,IL,40.781504,-90.52901,-6,1
61418,Biggsville,IL,40.854865,-90.85925,-6,1
61419,Bishop Hill,IL,41.200711,-90.11832,-6,1
61420,Blandinsville,IL,40.555678,-90.87087,-6,1
61421,Bradford,IL,41.174037,-89.65849,-6,1
61422,Bushnell,IL,40.550883,-90.51766,-6,1
61423,Cameron,IL,40.889288,-90.50529,-6,1
61424,Camp Grove,IL,41.073398,-89.63015,-6,1
61425,Carman,IL,40.778519,-91.05902,-6,1
61426,Castleton,IL,41.118359,-89.70575,-6,1
61427,Cuba,IL,40.499297,-90.17764,-6,1
61428,Dahinda,IL,40.952695,-90.12141,-6,1
61430,East Galesburg,IL,40.94399,-90.31205,-6,1
61431,Ellisville,IL,40.617275,-90.29556,-6,1
61432,Fairview,IL,40.642927,-90.17174,-6,1
61433,Fiatt,IL,40.449305,-90.161761,-6,1
61434,Galva,IL,41.172197,-90.03901,-6,1
61435,Gerlaw,IL,40.972589,-90.54835,-6,1
61436,Gilson,IL,40.859964,-90.22212,-6,1
61437,Gladstone,IL,40.854247,-90.96542,-6,1
61438,Good Hope,IL,40.579737,-90.64691,-6,1
61439,Henderson,IL,41.02572,-90.35566,-6,1
61440,Industry,IL,40.324365,-90.60351,-6,1
61441,Ipava,IL,40.337555,-90.30458,-6,1
61442,Keithsburg,IL,41.092081,-90.92743,-6,1
61443,Kewanee,IL,41.247536,-89.92848,-6,1
61447,Kirkwood,IL,40.867285,-90.75759,-6,1
61448,Knoxville,IL,40.910079,-90.27171,-6,1
61449,La Fayette,IL,41.098764,-89.97361,-6,1
61450,La Harpe,IL,40.567399,-90.97066,-6,1
61451,Laura,IL,40.953365,-89.94259,-6,1
61452,Littleton,IL,40.249363,-90.66845,-6,1
61453,Little York,IL,41.010666,-90.75393,-6,1
61454,Lomax,IL,40.685436,-91.05207,-6,1
61455,Macomb,IL,40.456986,-90.6681,-6,1
61457,Lee,IL,40.553989,-90.355505,-6,1
61458,Maquon,IL,40.776079,-90.1938,-6,1
61459,Marietta,IL,40.503305,-90.41808,-6,1
61460,Media,IL,40.734056,-90.82654,-6,1
61462,Monmouth,IL,40.918849,-90.64466,-6,1
61465,New Windsor,IL,41.200936,-90.45631,-6,1
61466,North Henderson,IL,41.100353,-90.46726,-6,1
61467,Oneida,IL,41.069414,-90.24177,-6,1
61468,Opheim,IL,41.254936,-90.40384,-6,1
61469,Oquawka,IL,40.957929,-90.93608,-6,1
61470,Prairie City,IL,40.614899,-90.47345,-6,1
61471,Raritan,IL,40.696535,-90.82607,-6,1
61472,Rio,IL,41.105401,-90.38717,-6,1
61473,Roseville,IL,40.70595,-90.65724,-6,1
61474,Saint Augustine,IL,40.740729,-90.37946,-6,1
61475,Sciota,IL,40.581413,-90.7612,-6,1
61476,Seaton,IL,41.095037,-90.80998,-6,1
61477,Smithfield,IL,40.500643,-90.31576,-6,1
61478,Smithshire,IL,40.777241,-90.76454,-6,1
61479,Speer,IL,40.999497,-89.65429,-6,1
61480,Stronghurst,IL,40.727428,-90.91347,-6,1
61482,Table Grove,IL,40.368358,-90.42469,-6,1
61483,Toulon,IL,41.09638,-89.86649,-6,1
61484,Vermont,IL,40.292388,-90.42833,-6,1
61485,Victoria,IL,41.025484,-90.08422,-6,1
61486,Viola,IL,41.195087,-90.57923,-6,1
61488,Wataga,IL,41.030951,-90.29705,-6,1
61489,Williamsfield,IL,40.929497,-90.01888,-6,1
61490,Woodhull,IL,41.183299,-90.27637,-6,1
61491,Wyoming,IL,41.068691,-89.76033,-6,1
61501,Astoria,IL,40.234249,-90.32941,-6,1
61516,Benson,IL,40.850381,-89.11878,-6,1
61517,Brimfield,IL,40.816162,-89.84131,-6,1
61518,Brimfield,IL,40.744179,-89.718401,-6,1
61519,Bryant,IL,40.466397,-90.09632,-6,1
61520,Canton,IL,40.552853,-90.02794,-6,1
61523,Chillicothe,IL,40.914377,-89.50654,-6,1
61524,Dunfermline,IL,40.490965,-90.03285,-6,1
61525,Dunlap,IL,40.849036,-89.65554,-6,1
61526,Edelstein,IL,40.936244,-89.62,-6,1
61528,Edwards,IL,40.776845,-89.7401,-6,1
61529,Elmwood,IL,40.780415,-89.95565,-6,1
61530,Eureka,IL,40.718228,-89.27153,-6,1
61531,Farmington,IL,40.68847,-90.02166,-6,1
61532,Forest City,IL,40.35756,-89.82389,-6,1
61533,Glasford,IL,40.577778,-89.8297,-6,1
61534,Green Valley,IL,40.40943,-89.65687,-6,1
61535,Groveland,IL,40.590353,-89.54053,-6,1
61536,Hanna City,IL,40.690205,-89.78042,-6,1
61537,Henry,IL,41.113829,-89.38486,-6,1
61539,Kingston Mines,IL,40.558329,-89.76891,-6,1
61540,Lacon,IL,41.030697,-89.38586,-6,1
61541,La Rose,IL,40.975736,-89.23943,-6,1
61542,Lewistown,IL,40.39309,-90.13748,-6,1
61543,Liverpool,IL,40.392048,-89.99885,-6,1
61544,London Mills,IL,40.688615,-90.24422,-6,1
61545,Lowpoint,IL,40.873236,-89.37082,-6,1
61546,Manito,IL,40.442037,-89.78797,-6,1
61547,Mapleton,IL,40.619174,-89.72628,-6,1
61548,Metamora,IL,40.784412,-89.40841,-6,1
61550,Morton,IL,40.613788,-89.46031,-6,1
61552,Mossville,IL,40.817587,-89.56654,-6,1
61553,Norris,IL,40.449305,-90.161761,-6,1
61554,Pekin,IL,40.567088,-89.63382,-6,1
61555,Pekin,IL,40.56071,-89.650232,-6,1
61558,Pekin,IL,40.554538,-89.609951,-6,1
61559,Princeville,IL,40.935608,-89.76802,-6,1
61560,Putnam,IL,41.198061,-89.43131,-6,1
61561,Roanoke,IL,40.795911,-89.19419,-6,1
61562,Rome,IL,40.874269,-89.506695,-6,1
61563,Saint David,IL,40.489747,-90.05501,-6,1
61564,South Pekin,IL,40.49271,-89.65194,-6,1
61565,Sparland,IL,41.036199,-89.48336,-6,1
61567,Topeka,IL,40.340202,-89.90929,-6,1
61568,Tremont,IL,40.513656,-89.47408,-6,1
61569,Trivoli,IL,40.691022,-89.89138,-6,1
61570,Washburn,IL,40.920631,-89.29547,-6,1
61571,Washington,IL,40.701037,-89.44294,-6,1
61572,Yates City,IL,40.796752,-90.02866,-6,1
61576,Richland,IL,40.928331,-89.348163,-6,1
61584,Vermont,IL,40.288318,-90.429294,-6,1
61593,Garrett,IL,39.809913,-88.343237,-6,1
61601,Peoria,IL,40.693137,-89.589847,-6,1
61602,Peoria,IL,40.677987,-89.60864,-6,1
61603,Peoria,IL,40.712887,-89.57904,-6,1
61604,Peoria,IL,40.709237,-89.63633,-6,1
61605,Peoria,IL,40.678037,-89.62737,-6,1
61606,Peoria,IL,40.699137,-89.60972,-6,1
61607,Peoria,IL,40.642049,-89.67147,-6,1
61610,Creve Coeur,IL,40.643846,-89.59908,-6,1
61611,East Peoria,IL,40.683387,-89.54493,-6,1
61612,Peoria,IL,40.744179,-89.718401,-6,1
61613,Peoria,IL,40.742537,-89.627948,-6,1
61614,Peoria,IL,40.755343,-89.59799,-6,1
61615,Peoria,IL,40.764368,-89.6448,-6,1
61616,Peoria,IL,40.743266,-89.576628,-6,1
61625,Peoria,IL,40.696287,-89.616648,-6,1
61628,Peoria,IL,40.744179,-89.718401,-6,1
61629,Peoria,IL,40.692037,-89.588747,-6,1
61630,Peoria,IL,40.744179,-89.718401,-6,1
61632,Peoria,IL,40.765301,-89.569207,-6,1
61633,Peoria,IL,40.731165,-89.603081,-6,1
61634,Peoria,IL,40.689637,-89.592597,-6,1
61635,Peoria,IL,40.744179,-89.718401,-6,1
61636,Peoria,IL,40.699937,-89.595147,-6,1
61637,Peoria,IL,40.702487,-89.589797,-6,1
61638,Peoria,IL,40.796887,-89.611146,-6,1
61639,Peoria,IL,40.709837,-89.563646,-6,1
61640,Peoria,IL,40.785653,-89.617657,-6,1
61641,Peoria,IL,40.640002,-89.651987,-6,1
61643,Peoria,IL,40.744179,-89.718401,-6,1
61644,Peoria,IL,40.765301,-89.569207,-6,1
61650,Peoria,IL,40.744179,-89.718401,-6,1
61651,Peoria,IL,40.744179,-89.718401,-6,1
61652,Peoria,IL,40.87671,-89.509113,-6,1
61653,Peoria,IL,40.744179,-89.718401,-6,1
61654,Peoria,IL,40.744179,-89.718401,-6,1
61655,Peoria,IL,40.744179,-89.718401,-6,1
61656,Peoria,IL,40.744179,-89.718401,-6,1
61675,Carlock,IL,40.582108,-89.128871,-6,1
61701,Bloomington,IL,40.477286,-88.99592,-6,1
61702,Bloomington,IL,40.519236,-88.864303,-6,1
61704,Bloomington,IL,40.459584,-88.96939,-6,1
61709,Bloomington,IL,40.461431,-88.953015,-6,1
61710,Bloomington,IL,40.477735,-88.954174,-6,1
61720,Anchor,IL,40.553838,-88.5101,-6,1
61721,Armington,IL,40.341123,-89.32028,-6,1
61722,Arrowsmith,IL,40.434885,-88.62237,-6,1
61723,Atlanta,IL,40.256893,-89.25013,-6,1
61724,Bellflower,IL,40.336763,-88.52604,-6,1
61725,Carlock,IL,40.600045,-89.13627,-6,1
61726,Chenoa,IL,40.740106,-88.70948,-6,1
61727,Clinton,IL,40.145501,-88.96776,-6,1
61728,Colfax,IL,40.56944,-88.62727,-6,1
61729,Congerville,IL,40.619306,-89.22353,-6,1
61730,Cooksville,IL,40.537652,-88.73274,-6,1
61731,Cropsey,IL,40.607615,-88.49,-6,1
61732,Danvers,IL,40.528515,-89.19057,-6,1
61733,Deer Creek,IL,40.615875,-89.32778,-6,1
61734,Delavan,IL,40.369256,-89.54251,-6,1
61735,Dewitt,IL,40.193547,-88.79575,-6,1
61736,Downs,IL,40.395487,-88.8498,-6,1
61737,Ellsworth,IL,40.450325,-88.72052,-6,1
61738,El Paso,IL,40.731662,-89.03978,-6,1
61739,Fairbury,IL,40.741158,-88.51546,-6,1
61740,Flanagan,IL,40.882858,-88.85739,-6,1
61741,Forrest,IL,40.756972,-88.40479,-6,1
61742,Goodfield,IL,40.628105,-89.28004,-6,1
61743,Graymont,IL,40.877451,-88.7778,-6,1
61744,Gridley,IL,40.740729,-88.88791,-6,1
61745,Heyworth,IL,40.32122,-88.97442,-6,1
61747,Hopedale,IL,40.422027,-89.42614,-6,1
61748,Hudson,IL,40.627948,-88.97711,-6,1
61749,Kenney,IL,40.091729,-89.10358,-6,1
61750,Lane,IL,40.122884,-88.85664,-6,1
61751,Lawndale,IL,40.21927,-89.285172,-6,1
61752,Le Roy,IL,40.345004,-88.75786,-6,1
61753,Lexington,IL,40.63872,-88.7923,-6,1
61754,McLean,IL,40.321811,-89.15864,-6,1
61755,Mackinaw,IL,40.533634,-89.34345,-6,1
61756,Maroa,IL,40.027071,-88.96715,-6,1
61758,Merna,IL,40.52835,-88.84075,-6,1
61759,Minier,IL,40.431577,-89.32013,-6,1
61760,Minonk,IL,40.893593,-89.03266,-6,1
61761,Normal,IL,40.515485,-88.98629,-6,1
61764,Pontiac,IL,40.884053,-88.63376,-6,1
61766,Towanda,IL,40.564323,-88.898663,-6,1
61769,Saunemin,IL,40.885397,-88.39957,-6,1
61770,Saybrook,IL,40.430727,-88.52548,-6,1
61771,Secor,IL,40.738973,-89.13579,-6,1
61772,Shirley,IL,40.399689,-89.06088,-6,1
61773,Sibley,IL,40.584937,-88.38028,-6,1
61774,Stanford,IL,40.426186,-89.2107,-6,1
61775,Strawn,IL,40.653799,-88.39026,-6,1
61776,Towanda,IL,40.574936,-88.88696,-6,1
61777,Wapella,IL,40.240627,-88.96635,-6,1
61778,Waynesville,IL,40.242378,-89.1087,-6,1
61790,Normal,IL,40.51032,-88.99803,-6,1
61791,Bloomington,IL,40.519236,-88.864303,-6,1
61799,Bloomington,IL,40.488468,-88.939637,-6,1
61801,Urbana,IL,40.109647,-88.21246,-6,1
61802,Urbana,IL,40.121648,-88.17649,-6,1
61803,Urbana,IL,40.10593,-88.224669,-6,1
61810,Allerton,IL,39.909736,-87.93384,-6,1
61811,Alvin,IL,40.293159,-87.61401,-6,1
61812,Armstrong,IL,40.27363,-87.88919,-6,1
61813,Bement,IL,39.918042,-88.56139,-6,1
61814,Bismarck,IL,40.231345,-87.58163,-6,1
61815,Bondville,IL,40.112616,-88.3708,-6,1
61816,Broadlands,IL,39.91613,-88.00203,-6,1
61817,Catlin,IL,40.059068,-87.70376,-6,1
61818,Cerro Gordo,IL,39.889596,-88.72633,-6,1
61819,Bryant,IL,40.466273,-90.095368,-6,1
61820,Champaign,IL,40.114931,-88.24322,-6,1
61821,Champaign,IL,40.108631,-88.2733,-6,1
61822,Champaign,IL,40.126854,-88.29315,-6,1
61824,Champaign,IL,40.139946,-88.196102,-6,1
61825,Champaign,IL,40.139946,-88.196102,-6,1
61826,Champaign,IL,40.113139,-88.361251,-6,1
61830,Cisco,IL,40.020978,-88.72247,-6,1
61831,Collison,IL,40.2159,-87.78418,-6,1
61832,Danville,IL,40.133786,-87.62898,-6,1
61833,Tilton,IL,40.096186,-87.64569,-6,1
61834,Danville,IL,40.175463,-87.6124,-6,1
61839,De Land,IL,40.139336,-88.62966,-6,1
61840,Dewey,IL,40.310244,-88.30526,-6,1
61841,Fairmount,IL,40.039632,-87.83052,-6,1
61842,Farmer City,IL,40.251945,-88.65279,-6,1
61843,Fisher,IL,40.313921,-88.3742,-6,1
61844,Fithian,IL,40.126299,-87.86871,-6,1
61845,Foosland,IL,40.376141,-88.4135,-6,1
61846,Georgetown,IL,39.97412,-87.63138,-6,1
61847,Gifford,IL,40.310063,-88.01922,-6,1
61848,Henning,IL,40.306282,-87.70192,-6,1
61849,Homer,IL,40.028716,-87.9576,-6,1
61850,Indianola,IL,39.92804,-87.73629,-6,1
61851,Ivesdale,IL,39.950391,-88.43939,-6,1
61852,Longview,IL,39.901988,-88.07537,-6,1
61853,Mahomet,IL,40.205916,-88.40295,-6,1
61854,Mansfield,IL,40.213607,-88.5296,-6,1
61855,Milmine,IL,39.919693,-88.67859,-6,1
61856,Monticello,IL,40.0334,-88.57375,-6,1
61857,Muncie,IL,40.11594,-87.84208,-6,1
61858,Oakwood,IL,40.121098,-87.74657,-6,1
61859,Ogden,IL,40.149486,-87.96347,-6,1
61862,Penfield,IL,40.296282,-87.95553,-6,1
61863,Pesotum,IL,39.907919,-88.27977,-6,1
61864,Philo,IL,39.989282,-88.15174,-6,1
61865,Potomac,IL,40.306774,-87.80716,-6,1
61866,Rantoul,IL,40.307065,-88.15575,-6,1
61870,Ridge Farm,IL,39.90241,-87.62722,-6,1
61871,Royal,IL,40.192015,-87.97138,-6,1
61872,Sadorus,IL,39.945328,-88.36389,-6,1
61873,Saint Joseph,IL,40.124202,-88.03401,-6,1
61874,Savoy,IL,40.061694,-88.25023,-6,1
61875,Seymour,IL,40.107548,-88.42487,-6,1
61876,Sidell,IL,39.907331,-87.82587,-6,1
61877,Sidney,IL,40.004053,-88.07693,-6,1
61878,Thomasboro,IL,40.243692,-88.17296,-6,1
61880,Tolono,IL,39.981936,-88.2532,-6,1
61882,Weldon,IL,40.119483,-88.75367,-6,1
61883,Westville,IL,40.040115,-87.63685,-6,1
61884,White Heath,IL,40.10311,-88.49744,-6,1
61901,Bloomington,IL,40.810131,-88.477739,-6,1
61910,Arcola,IL,39.676634,-88.30284,-6,1
61911,Arthur,IL,39.704391,-88.45985,-6,1
61912,Ashmore,IL,39.529566,-88.03349,-6,1
61913,Atwood,IL,39.809929,-88.45309,-6,1
61914,Bethany,IL,39.639487,-88.74383,-6,1
61917,Brocton,IL,39.706131,-87.91691,-6,1
61919,Camargo,IL,39.783794,-88.13861,-6,1
61920,Charleston,IL,39.496547,-88.17348,-6,1
61924,Chrisman,IL,39.786334,-87.66325,-6,1
61925,Dalton City,IL,39.719012,-88.82227,-6,1
61928,Gays,IL,39.45274,-88.5144,-6,1
61929,Hammond,IL,39.806718,-88.6087,-6,1
61930,Hindsboro,IL,39.685822,-88.11971,-6,1
61931,Humboldt,IL,39.59477,-88.34792,-6,1
61932,Hume,IL,39.797661,-87.87017,-6,1
61933,Kansas,IL,39.556054,-87.92289,-6,1
61936,La Place,IL,39.800512,-88.71835,-6,1
61937,Lovington,IL,39.724744,-88.62995,-6,1
61938,Mattoon,IL,39.474889,-88.37421,-6,1
61940,Metcalf,IL,39.805101,-87.81014,-6,1
61941,Murdock,IL,39.801562,-88.07823,-6,1
61942,Newman,IL,39.802798,-87.99744,-6,1
61943,Oakland,IL,39.655063,-88.01806,-6,1
61944,Paris,IL,39.608494,-87.69958,-6,1
61949,Redmon,IL,39.646359,-87.86014,-6,1
61951,Sullivan,IL,39.582494,-88.6021,-6,1
61953,Tuscola,IL,39.793493,-88.29184,-6,1
61955,Vermilion,IL,39.679882,-87.750216,-6,1
61956,Villa Grove,IL,39.858506,-88.15018,-6,1
61957,Windsor,IL,39.434148,-88.60033,-6,1
62001,Alhambra,IL,38.884434,-89.74886,-6,1
62002,Alton,IL,38.906065,-90.15909,-6,1
62003,Medora,IL,39.177478,-90.142329,-6,1
62006,Batchtown,IL,39.079147,-90.67372,-6,1
62009,Benld,IL,39.092526,-89.8029,-6,1
62010,Bethalto,IL,38.912297,-90.043,-6,1
62011,Bingham,IL,39.11204,-89.2134,-6,1
62012,Brighton,IL,39.038752,-90.13819,-6,1
62013,Brussels,IL,38.968323,-90.58121,-6,1
62014,Bunker Hill,IL,39.039382,-89.94935,-6,1
62015,Butler,IL,39.212833,-89.55969,-6,1
62016,Carrollton,IL,39.301561,-90.41674,-6,1
62017,Coffeen,IL,39.081889,-89.37787,-6,1
62018,Cottage Hills,IL,38.905998,-90.08306,-6,1
62019,Donnellson,IL,39.017877,-89.46415,-6,1
62021,Dorsey,IL,38.976011,-89.97461,-6,1
62022,Dow,IL,38.997296,-90.3405,-6,1
62023,Eagarville,IL,39.110422,-89.78428,-6,1
62024,East Alton,IL,38.868136,-90.08023,-6,1
62025,Edwardsville,IL,38.819297,-89.9551,-6,1
62026,Edwardsville,IL,38.733748,-89.94305,-6,1
62027,Eldred,IL,39.241734,-90.54614,-6,1
62028,Elsah,IL,38.958848,-90.35383,-6,1
62030,Fidelity,IL,39.155608,-90.1649,-6,1
62031,Fieldon,IL,39.103735,-90.54252,-6,1
62032,Fillmore,IL,39.114972,-89.28092,-6,1
62033,Gillespie,IL,39.127717,-89.8288,-6,1
62034,Glen Carbon,IL,38.75592,-89.97442,-6,1
62035,Godfrey,IL,38.947841,-90.2216,-6,1
62036,Golden Eagle,IL,38.91384,-90.57421,-6,1
62037,Grafton,IL,38.985138,-90.44563,-6,1
62040,Granite City,IL,38.720938,-90.11431,-6,1
62043,Brushy Mound,IL,39.213822,-89.82872,-6,1
62044,Greenfield,IL,39.362285,-90.22147,-6,1
62045,Hamburg,IL,39.236358,-90.71359,-6,1
62046,Hamel,IL,38.889879,-89.84638,-6,1
62047,Hardin,IL,39.128014,-90.6159,-6,1
62048,Hartford,IL,38.833898,-90.09533,-6,1
62049,Hillsboro,IL,39.146809,-89.48442,-6,1
62050,Hillview,IL,39.430595,-90.54502,-6,1
62051,Irving,IL,39.205747,-89.40909,-6,1
62052,Jerseyville,IL,39.114762,-90.32442,-6,1
62053,Kampsville,IL,39.322422,-90.64246,-6,1
62054,Kane,IL,39.192501,-90.34541,-6,1
62056,Litchfield,IL,39.179875,-89.65721,-6,1
62058,Livingston,IL,38.967324,-89.76133,-6,1
62059,Lovejoy,IL,38.6565,-90.16643,-6,1
62060,Madison,IL,38.6807,-90.15411,-6,1
62061,Marine,IL,38.78956,-89.77538,-6,1
62062,Maryville,IL,38.726548,-89.9572,-6,1
62063,Medora,IL,39.188838,-90.14654,-6,1
62065,Michael,IL,39.235652,-90.62842,-6,1
62067,Moro,IL,38.91973,-90.01241,-6,1
62069,Mount Olive,IL,39.077557,-89.73423,-6,1
62070,Mozier,IL,39.328077,-90.76896,-6,1
62071,National Stock Yards,IL,38.6516,-90.163909,-6,1
62074,New Douglas,IL,38.964162,-89.68226,-6,1
62075,Nokomis,IL,39.299771,-89.2864,-6,1
62076,Ohlman,IL,39.261791,-89.421584,-6,1
62077,Panama,IL,39.031623,-89.5228,-6,1
62078,Patterson,IL,39.477337,-90.48002,-6,1
62079,Piasa,IL,39.115848,-90.13336,-6,1
62080,Ramsey,IL,39.136284,-89.10348,-6,1
62081,Rockbridge,IL,39.261499,-90.23039,-6,1
62082,Roodhouse,IL,39.481469,-90.33999,-6,1
62083,Rosamond,IL,39.354674,-89.19993,-6,1
62084,Roxana,IL,38.8494,-90.08536,-6,1
62085,Sawyerville,IL,39.078047,-89.80626,-6,1
62086,Sorento,IL,38.996375,-89.57044,-6,1
62087,South Roxana,IL,38.828347,-90.05894,-6,1
62088,Staunton,IL,39.011612,-89.78855,-6,1
62089,Taylor Springs,IL,39.130404,-89.49298,-6,1
62090,Venice,IL,38.67065,-90.17052,-6,1
62091,Walshville,IL,39.053344,-89.59324,-6,1
62092,White Hall,IL,39.433041,-90.40655,-6,1
62093,Wilsonville,IL,39.068901,-89.85425,-6,1
62094,Witt,IL,39.249272,-89.35236,-6,1
62095,Wood River,IL,38.860447,-90.09418,-6,1
62097,Worden,IL,38.932347,-89.84608,-6,1
62098,Wrights,IL,39.376153,-90.293302,-6,1
62201,East Saint Louis,IL,38.62855,-90.14609,-6,1
62202,East Saint Louis,IL,38.6163,-90.159059,-6,1
62203,East Saint Louis,IL,38.598175,-90.07575,-6,1
62204,East Saint Louis,IL,38.631383,-90.10008,-6,1
62205,East Saint Louis,IL,38.6151,-90.12675,-6,1
62206,East Saint Louis,IL,38.564451,-90.1628,-6,1
62207,East Saint Louis,IL,38.59035,-90.13276,-6,1
62208,Fairview Heights,IL,38.596199,-90.00227,-6,1
62214,Addieville,IL,38.377193,-89.55998,-6,1
62215,Albers,IL,38.517125,-89.60258,-6,1
62216,Aviston,IL,38.607817,-89.60516,-6,1
62217,Baldwin,IL,38.178395,-89.84183,-6,1
62218,Bartelso,IL,38.535097,-89.46426,-6,1
62219,Beckemeyer,IL,38.605187,-89.43404,-6,1
62220,Belleville,IL,38.50046,-89.97654,-6,1
62221,Belleville,IL,38.532311,-89.93996,-6,1
62222,Belleville,IL,38.439983,-89.983521,-6,1
62223,Belleville,IL,38.55615,-90.05078,-6,1
62224,Mascoutah,IL,38.439983,-89.983521,-6,1
62225,Scott Air Force Base,IL,38.544298,-89.85054,-6,1
62226,Belleville,IL,38.53895,-90.00104,-6,1
62230,Breese,IL,38.620018,-89.5305,-6,1
62231,Carlyle,IL,38.623384,-89.36368,-6,1
62232,Caseyville,IL,38.636749,-90.01763,-6,1
62233,Chester,IL,37.921816,-89.82842,-6,1
62234,Collinsville,IL,38.679282,-89.99407,-6,1
62236,Columbia,IL,38.442906,-90.20775,-6,1
62237,Coulterville,IL,38.188624,-89.59789,-6,1
62238,Cutler,IL,38.034281,-89.54537,-6,1
62239,Dupo,IL,38.526792,-90.19253,-6,1
62240,East Carondelet,IL,38.535325,-90.21617,-6,1
62241,Ellis Grove,IL,38.011729,-89.89007,-6,1
62242,Evansville,IL,38.092615,-89.93485,-6,1
62243,Freeburg,IL,38.425949,-89.90389,-6,1
62244,Fults,IL,38.200113,-90.2272,-6,1
62245,Germantown,IL,38.554515,-89.5631,-6,1
62246,Greenville,IL,38.889355,-89.40987,-6,1
62247,Hagarstown,IL,38.977111,-88.975507,-6,1
62248,Hecker,IL,38.299507,-89.961825,-6,1
62249,Highland,IL,38.752017,-89.67478,-6,1
62250,Hoffman,IL,38.540238,-89.26294,-6,1
62252,Huey,IL,38.601768,-89.291549,-6,1
62253,Keyesport,IL,38.761214,-89.29128,-6,1
62254,Lebanon,IL,38.601648,-89.81317,-6,1
62255,Lenzburg,IL,38.303147,-89.79161,-6,1
62256,Maeystown,IL,38.30426,-90.135645,-6,1
62257,Marissa,IL,38.260108,-89.73627,-6,1
62258,Mascoutah,IL,38.481674,-89.79432,-6,1
62259,Menard,IL,38.013132,-89.899569,-6,1
62260,Millstadt,IL,38.463718,-90.09831,-6,1
62261,Modoc,IL,37.988745,-90.00785,-6,1
62262,Mulberry Grove,IL,38.931719,-89.27132,-6,1
62263,Nashville,IL,38.346578,-89.38453,-6,1
62264,New Athens,IL,38.318253,-89.88852,-6,1
62265,New Baden,IL,38.520285,-89.6807,-6,1
62266,New Memphis,IL,38.478,-89.67869,-6,1
62268,Oakdale,IL,38.271313,-89.51773,-6,1
62269,O Fallon,IL,38.589849,-89.91207,-6,1
62270,Dupo,IL,38.227604,-89.650381,-6,1
62271,Okawville,IL,38.439574,-89.5286,-6,1
62272,Percy,IL,38.006386,-89.61645,-6,1
62273,Pierron,IL,38.780229,-89.5973,-6,1
62274,Pinckneyville,IL,38.078231,-89.38796,-6,1
62275,Pocahontas,IL,38.812744,-89.54888,-6,1
62277,Prairie Du Rocher,IL,38.095119,-90.09885,-6,1
62278,Red Bud,IL,38.214515,-89.98785,-6,1
62279,Renault,IL,38.153322,-90.13459,-6,1
62280,Rockwood,IL,37.845454,-89.66878,-6,1
62281,Saint Jacob,IL,38.706847,-89.77739,-6,1
62282,Saint Libory,IL,38.363228,-89.713921,-6,1
62283,Shattuc,IL,38.647775,-89.20166,-6,1
62284,Smithboro,IL,38.887748,-89.32248,-6,1
62285,Smithton,IL,38.399148,-89.99604,-6,1
62286,Sparta,IL,38.122112,-89.71168,-6,1
62288,Steeleville,IL,38.002188,-89.66723,-6,1
62289,Summerfield,IL,38.596948,-89.75117,-6,1
62292,Tilden,IL,38.214035,-89.68346,-6,1
62293,Trenton,IL,38.611798,-89.67691,-6,1
62294,Troy,IL,38.725498,-89.88891,-6,1
62295,Valmeyer,IL,38.299904,-90.30833,-6,1
62297,Walsh,IL,38.049616,-89.80775,-6,1
62298,Waterloo,IL,38.325969,-90.14606,-6,1
62301,Quincy,IL,39.929597,-91.37415,-6,1
62305,Quincy,IL,39.96008,-91.302633,-6,1
62306,Quincy,IL,39.97863,-91.21256,-6,1
62310,Adrian,IL,40.416145,-91.205805,-6,1
62311,Augusta,IL,40.223837,-90.93288,-6,1
62312,Barry,IL,39.704649,-91.0368,-6,1
62313,Basco,IL,40.319528,-91.20483,-6,1
62314,Baylis,IL,39.756139,-90.89509,-6,1
62316,Bowen,IL,40.232385,-91.05746,-6,1
62318,Burnside,IL,40.513153,-91.12851,-6,1
62319,Camden,IL,40.147818,-90.74246,-6,1
62320,Camp Point,IL,40.020397,-91.07407,-6,1
62321,Carthage,IL,40.414128,-91.11577,-6,1
62323,Chambersburg,IL,39.817702,-90.66923,-6,1
62324,Clayton,IL,39.988988,-90.94976,-6,1
62325,Coatsburg,IL,40.034398,-91.16278,-6,1
62326,Colchester,IL,40.421857,-90.80333,-6,1
62329,Colusa,IL,40.571353,-91.168221,-6,1
62330,Dallas City,IL,40.630407,-91.15278,-6,1
62334,Elvaston,IL,40.396983,-91.25029,-6,1
62336,Ferris,IL,40.467994,-91.17125,-6,1
62338,Fowler,IL,39.98152,-91.25754,-6,1
62339,Golden,IL,40.112726,-91.02632,-6,1
62340,Griggsville,IL,39.71345,-90.72045,-6,1
62341,Hamilton,IL,40.402015,-91.33182,-6,1
62343,Hull,IL,39.709855,-91.22914,-6,1
62344,Huntsville,IL,40.18275,-90.81819,-6,1
62345,Kinderhook,IL,39.700245,-91.14564,-6,1
62346,La Prairie,IL,40.151799,-90.95426,-6,1
62347,Liberty,IL,39.876235,-91.1106,-6,1
62348,Lima,IL,40.180236,-91.37791,-6,1
62349,Loraine,IL,40.160393,-91.20372,-6,1
62351,Mendon,IL,40.094396,-91.26558,-6,1
62352,Milton,IL,39.563599,-90.64813,-6,1
62353,Mount Sterling,IL,39.983824,-90.74134,-6,1
62354,Nauvoo,IL,40.531825,-91.36598,-6,1
62355,Nebo,IL,39.440654,-90.77809,-6,1
62356,New Canton,IL,39.599949,-91.09115,-6,1
62357,New Salem,IL,39.696523,-90.84253,-6,1
62358,Niota,IL,40.587769,-91.26301,-6,1
62359,Paloma,IL,40.028595,-91.21286,-6,1
62360,Payson,IL,39.813094,-91.25561,-6,1
62361,Pearl,IL,39.469982,-90.63108,-6,1
62362,Perry,IL,39.781349,-90.74617,-6,1
62363,Pittsfield,IL,39.606349,-90.78642,-6,1
62365,Plainville,IL,39.795818,-91.16751,-6,1
62366,Pleasant Hill,IL,39.450931,-90.87779,-6,1
62367,Plymouth,IL,40.304799,-90.88699,-6,1
62370,Rockport,IL,39.510835,-90.99193,-6,1
62373,Sutter,IL,40.240004,-91.35197,-6,1
62374,Tennessee,IL,40.403553,-90.8834,-6,1
62375,Timewell,IL,39.983573,-90.8842,-6,1
62376,Ursa,IL,40.09625,-91.38474,-6,1
62378,Versailles,IL,39.884796,-90.6289,-6,1
62379,Warsaw,IL,40.314446,-91.40638,-6,1
62380,West Point,IL,40.233504,-91.19727,-6,1
62394,Equality,IL,37.726738,-88.372434,-6,1
62401,Effingham,IL,39.123807,-88.56,-6,1
62407,Summit,IL,39.148234,-88.593764,-6,1
62410,Allendale,IL,38.528202,-87.72913,-6,1
62411,Altamont,IL,39.062913,-88.73912,-6,1
62413,Annapolis,IL,39.138761,-87.83769,-6,1
62414,Beecher City,IL,39.167788,-88.8255,-6,1
62415,Birds,IL,38.710336,-87.703639,-6,1
62417,Bridgeport,IL,38.720425,-87.76815,-6,1
62418,Brownstown,IL,39.018987,-88.96134,-6,1
62419,Calhoun,IL,38.625864,-87.99407,-6,1
62420,Casey,IL,39.299447,-87.99863,-6,1
62421,Claremont,IL,38.755492,-87.95334,-6,1
62422,Cowden,IL,39.251624,-88.86505,-6,1
62423,Dennison,IL,39.452478,-87.57092,-6,1
62424,Dieterich,IL,39.01077,-88.428,-6,1
62425,Dundas,IL,38.830182,-88.09218,-6,1
62426,Edgewood,IL,38.913064,-88.66404,-6,1
62427,Flat Rock,IL,38.869453,-87.66502,-6,1
62428,Greenup,IL,39.25287,-88.13528,-6,1
62431,Herrick,IL,39.228594,-88.98873,-6,1
62432,Hidalgo,IL,39.139262,-88.14862,-6,1
62433,Hutsonville,IL,39.113033,-87.67563,-6,1
62434,Ingraham,IL,38.835884,-88.33505,-6,1
62435,Janesville,IL,39.374287,-88.244487,-6,1
62436,Jewett,IL,39.190088,-88.2601,-6,1
62438,Lakewood,IL,39.317235,-88.87876,-6,1
62439,Lawrenceville,IL,38.738226,-87.65984,-6,1
62440,Lerna,IL,39.393267,-88.28118,-6,1
62441,Marshall,IL,39.396463,-87.69589,-6,1
62442,Martinsville,IL,39.32463,-87.86922,-6,1
62443,Mason,IL,38.95232,-88.62883,-6,1
62444,Mode,IL,39.272317,-88.75932,-6,1
62445,Montrose,IL,39.183055,-88.3404,-6,1
62446,Mount Erie,IL,38.48679,-88.21636,-6,1
62447,Neoga,IL,39.32205,-88.45037,-6,1
62448,Newton,IL,38.974018,-88.17881,-6,1
62449,Oblong,IL,39.006483,-87.90005,-6,1
62450,Olney,IL,38.72456,-88.08658,-6,1
62451,Palestine,IL,39.006924,-87.6117,-6,1
62452,Parkersburg,IL,38.588301,-88.03692,-6,1
62454,Robinson,IL,39.004728,-87.7495,-6,1
62458,Saint Elmo,IL,39.042992,-88.87463,-6,1
62459,Sainte Marie,IL,38.93148,-88.0252,-6,1
62460,Saint Francisville,IL,38.596277,-87.65542,-6,1
62461,Shumway,IL,39.194021,-88.6656,-6,1
62462,Sigel,IL,39.223922,-88.47715,-6,1
62463,Stewardson,IL,39.2807,-88.62403,-6,1
62464,Stoy,IL,38.98981,-87.839627,-6,1
62465,Strasburg,IL,39.354837,-88.63491,-6,1
62466,Sumner,IL,38.732726,-87.85152,-6,1
62467,Teutopolis,IL,39.125573,-88.45609,-6,1
62468,Toledo,IL,39.273828,-88.25646,-6,1
62469,Trilla,IL,39.35239,-88.33275,-6,1
62471,Vandalia,IL,38.961799,-89.10978,-6,1
62473,Watson,IL,39.012089,-88.56383,-6,1
62474,Westfield,IL,39.4505,-87.99681,-6,1
62475,West Liberty,IL,38.868463,-88.05466,-6,1
62476,West Salem,IL,38.527107,-88.00583,-6,1
62477,West Union,IL,39.229885,-87.6664,-6,1
62478,West York,IL,39.175832,-87.72312,-6,1
62479,Wheeler,IL,39.038732,-88.31569,-6,1
62480,Willow Hill,IL,38.994595,-88.00464,-6,1
62481,Yale,IL,39.122158,-88.01982,-6,1
62501,Argenta,IL,39.984292,-88.81584,-6,1
62510,Assumption,IL,39.530502,-89.03829,-6,1
62511,Atwater,IL,39.346468,-89.73278,-6,1
62512,Beason,IL,40.139482,-89.2073,-6,1
62513,Blue Mound,IL,39.716269,-89.13269,-6,1
62514,Boody,IL,39.759905,-89.05465,-6,1
62515,Buffalo,IL,39.861289,-89.37836,-6,1
62517,Bulpitt,IL,39.591537,-89.42755,-6,1
62518,Chestnut,IL,40.05232,-89.18832,-6,1
62519,Cornland,IL,39.936817,-89.40159,-6,1
62520,Dawson,IL,39.824457,-89.45643,-6,1
62521,Decatur,IL,39.828586,-88.92907,-6,1
62522,Decatur,IL,39.840482,-89.00569,-6,1
62523,Decatur,IL,39.844086,-88.95327,-6,1
62524,Decatur,IL,39.853981,-88.981511,-6,1
62525,Decatur,IL,39.853981,-88.981511,-6,1
62526,Decatur,IL,39.878041,-88.95637,-6,1
62527,Decatur,IL,39.853981,-88.981511,-6,1
62530,Divernon,IL,39.568077,-89.65467,-6,1
62531,Edinburg,IL,39.66363,-89.39224,-6,1
62532,Elwin,IL,39.777583,-88.97972,-6,1
62533,Farmersville,IL,39.442669,-89.64068,-6,1
62534,Findlay,IL,39.529092,-88.7821,-6,1
62535,Forsyth,IL,39.925806,-88.95928,-6,1
62536,Glenarm,IL,39.642083,-89.65936,-6,1
62537,Harristown,IL,39.867151,-89.11324,-6,1
62538,Harvel,IL,39.359529,-89.52648,-6,1
62539,Illiopolis,IL,39.855984,-89.2487,-6,1
62540,Kincaid,IL,39.58755,-89.41265,-6,1
62541,Lake Fork,IL,39.969864,-89.35051,-6,1
62543,Latham,IL,39.965691,-89.15936,-6,1
62544,Macon,IL,39.693983,-88.98068,-6,1
62545,Mechanicsburg,IL,39.77386,-89.39012,-6,1
62546,Morrisonville,IL,39.430427,-89.44719,-6,1
62547,Mount Auburn,IL,39.771541,-89.24331,-6,1
62548,Mount Pulaski,IL,39.993254,-89.29707,-6,1
62549,Mt Zion,IL,39.777116,-88.87171,-6,1
62550,Moweaqua,IL,39.617542,-89.00559,-6,1
62551,Niantic,IL,39.838505,-89.15191,-6,1
62552,Oakley,IL,39.869841,-88.81261,-6,1
62553,Oconee,IL,39.279357,-89.10462,-6,1
62554,Oreana,IL,39.93706,-88.86332,-6,1
62555,Owaneco,IL,39.476356,-89.21607,-6,1
62556,Palmer,IL,39.465887,-89.39095,-6,1
62557,Pana,IL,39.3928,-89.08194,-6,1
62558,Pawnee,IL,39.580159,-89.54402,-6,1
62560,Raymond,IL,39.312686,-89.59541,-6,1
62561,Riverton,IL,39.85973,-89.52972,-6,1
62563,Rochester,IL,39.71984,-89.51229,-6,1
62565,Shelbyville,IL,39.409126,-88.80153,-6,1
62567,Stonington,IL,39.638951,-89.18982,-6,1
62568,Taylorville,IL,39.548928,-89.29692,-6,1
62570,Tovey,IL,39.588585,-89.44945,-6,1
62571,Tower Hill,IL,39.385344,-88.95588,-6,1
62572,Waggoner,IL,39.370091,-89.67132,-6,1
62573,Warrensburg,IL,39.940934,-89.06707,-6,1
62601,Alexander,IL,39.754308,-90.02786,-6,1
62605,Emden,IL,40.300508,-89.480688,-6,1
62610,Alsey,IL,39.564501,-90.43698,-6,1
62611,Arenzville,IL,39.883346,-90.39332,-6,1
62612,Ashland,IL,39.891861,-90.03125,-6,1
62613,Athens,IL,39.982768,-89.68326,-6,1
62615,Auburn,IL,39.588902,-89.75177,-6,1
62616,Philadelphia,IL,39.852164,-90.143114,-6,1
62617,Bath,IL,40.167991,-90.16313,-6,1
62618,Beardstown,IL,40.005505,-90.42314,-6,1
62621,Bluffs,IL,39.740558,-90.53937,-6,1
62622,Bluff Springs,IL,39.979614,-90.352444,-6,1
62623,Oakford,IL,40.104623,-89.96382,-6,1
62624,Browning,IL,40.153557,-90.35255,-6,1
62625,Cantrall,IL,39.909732,-89.68831,-6,1
62626,Carlinville,IL,39.280289,-89.8757,-6,1
62627,Chandlerville,IL,40.051603,-90.14057,-6,1
62628,Chapin,IL,39.770936,-90.39307,-6,1
62629,Chatham,IL,39.676558,-89.69902,-6,1
62630,Chesterfield,IL,39.260146,-90.06937,-6,1
62631,Concord,IL,39.817322,-90.36618,-6,1
62633,Easton,IL,40.214759,-89.87721,-6,1
62634,Elkhart,IL,40.02489,-89.46592,-6,1
62635,Emden,IL,40.291512,-89.47436,-6,1
62638,Franklin,IL,39.609647,-90.08116,-6,1
62639,Frederick,IL,40.04195,-90.46831,-6,1
62640,Girard,IL,39.436584,-89.8028,-6,1
62642,Greenview,IL,40.087711,-89.72066,-6,1
62643,Hartsburg,IL,40.247835,-89.44123,-6,1
62644,Havana,IL,40.296415,-90.05163,-6,1
62648,Herrin,IL,37.803216,-89.058643,-6,1
62649,Hettick,IL,39.348487,-90.08365,-6,1
62650,Jacksonville,IL,39.730234,-90.22941,-6,1
62651,Jacksonville,IL,39.698311,-90.26153,-6,1
62652,Milton,IL,39.564228,-90.651349,-6,1
62655,Kilbourne,IL,40.147371,-90.00698,-6,1
62656,Lincoln,IL,40.149927,-89.36746,-6,1
62659,Lincoln'S New Salem,IL,40.031115,-89.786723,-6,1
62660,Literberry,IL,39.858933,-90.200747,-6,1
62661,Loami,IL,39.669508,-89.84805,-6,1
62662,Lowder,IL,39.749457,-89.606017,-6,1
62663,Manchester,IL,39.544196,-90.32677,-6,1
62664,Mason City,IL,40.200537,-89.70427,-6,1
62665,Meredosia,IL,39.818631,-90.55791,-6,1
62666,Middletown,IL,40.088774,-89.56744,-6,1
62667,Modesto,IL,39.487357,-89.99143,-6,1
62668,Murrayville,IL,39.576392,-90.24769,-6,1
62670,New Berlin,IL,39.735761,-89.88669,-6,1
62671,New Holland,IL,40.186852,-89.56053,-6,1
62672,Nilwood,IL,39.397248,-89.80769,-6,1
62673,Oakford,IL,40.095009,-89.96998,-6,1
62674,Palmyra,IL,39.429687,-90.01499,-6,1
62675,Petersburg,IL,40.008726,-89.85029,-6,1
62676,Hillyard,IL,39.128248,-89.923215,-6,1
62677,Pleasant Plains,IL,39.847253,-89.88059,-6,1
62681,Rushville,IL,40.134957,-90.55222,-6,1
62682,San Jose,IL,40.29916,-89.60101,-6,1
62683,Scottville,IL,39.260862,-89.926068,-6,1
62684,Sherman,IL,39.901588,-89.58805,-6,1
62685,Shipman,IL,39.14665,-90.00059,-6,1
62686,Standard City,IL,39.350726,-89.78689,-6,1
62688,Tallula,IL,39.944264,-89.93366,-6,1
62689,Thayer,IL,39.539071,-89.761,-6,1
62690,Virden,IL,39.503383,-89.76667,-6,1
62691,Virginia,IL,39.952909,-90.21218,-6,1
62692,Waverly,IL,39.583983,-89.9396,-6,1
62693,Williamsville,IL,39.956803,-89.54209,-6,1
62694,Winchester,IL,39.628929,-90.46107,-6,1
62695,Woodson,IL,39.627307,-90.22101,-6,1
62701,Springfield,IL,39.80095,-89.64999,-6,1
62702,Springfield,IL,39.819,-89.64379,-6,1
62703,Springfield,IL,39.7715,-89.63612,-6,1
62704,Springfield,IL,39.7778,-89.67982,-6,1
62705,Springfield,IL,39.749457,-89.606017,-6,1
62706,Springfield,IL,39.79885,-89.653399,-6,1
62707,Springfield,IL,39.757896,-89.66363,-6,1
62708,Springfield,IL,39.806089,-89.586356,-6,1
62709,Springfield,IL,39.749457,-89.606017,-6,1
62713,Springfield,IL,39.749457,-89.606017,-6,1
62715,Springfield,IL,39.749457,-89.606017,-6,1
62716,Springfield,IL,39.848201,-89.536369,-6,1
62718,Springfield,IL,39.778044,-89.646555,-6,1
62719,Springfield,IL,39.749457,-89.606017,-6,1
62720,Springfield,IL,39.749457,-89.606017,-6,1
62721,Springfield,IL,39.749457,-89.606017,-6,1
62722,Springfield,IL,39.749457,-89.606017,-6,1
62723,Springfield,IL,39.749457,-89.606017,-6,1
62726,Springfield,IL,39.749457,-89.606017,-6,1
62736,Springfield,IL,39.749457,-89.606017,-6,1
62739,Springfield,IL,39.749457,-89.606017,-6,1
62746,Springfield,IL,39.749457,-89.606017,-6,1
62756,Springfield,IL,39.749457,-89.606017,-6,1
62757,Springfield,IL,39.749457,-89.606017,-6,1
62761,Springfield,IL,39.852361,-89.541017,-6,1
62762,Springfield,IL,39.749457,-89.606017,-6,1
62763,Springfield,IL,39.749457,-89.606017,-6,1
62764,Springfield,IL,39.749457,-89.606017,-6,1
62765,Springfield,IL,39.749457,-89.606017,-6,1
62766,Springfield,IL,39.749457,-89.606017,-6,1
62767,Springfield,IL,39.749457,-89.606017,-6,1
62769,Springfield,IL,39.749457,-89.606017,-6,1
62776,Springfield,IL,39.749457,-89.606017,-6,1
62777,Springfield,IL,39.749457,-89.606017,-6,1
62781,Springfield,IL,39.749457,-89.606017,-6,1
62786,Springfield,IL,39.749457,-89.606017,-6,1
62791,Springfield,IL,39.749457,-89.606017,-6,1
62792,Ullin,IL,37.277483,-89.186317,-6,1
62794,Springfield,IL,39.749457,-89.606017,-6,1
62796,Springfield,IL,39.749457,-89.606017,-6,1
62801,Centralia,IL,38.523736,-89.1257,-6,1
62803,Hoyleton,IL,38.460331,-89.30296,-6,1
62805,Akin,IL,37.994296,-88.941665,-6,1
62806,Albion,IL,38.375576,-88.07169,-6,1
62807,Alma,IL,38.735571,-88.91864,-6,1
62808,Ashley,IL,38.319427,-89.19145,-6,1
62809,Barnhill,IL,38.268959,-88.34267,-6,1
62810,Belle Rive,IL,38.218349,-88.73999,-6,1
62811,Bellmont,IL,38.384799,-87.90949,-6,1
62812,Benton,IL,38.000245,-88.92407,-6,1
62814,Bluford,IL,38.362934,-88.72896,-6,1
62815,Bone Gap,IL,38.452172,-87.9939,-6,1
62816,Bonnie,IL,38.192726,-88.93138,-6,1
62817,Broughton,IL,37.954727,-88.47128,-6,1
62818,Browns,IL,38.378706,-87.97291,-6,1
62819,Buckner,IL,37.980455,-89.01261,-6,1
62820,Burnt Prairie,IL,38.247883,-88.22944,-6,1
62821,Carmi,IL,38.087838,-88.15583,-6,1
62822,Christopher,IL,37.973175,-89.05291,-6,1
62823,Cisne,IL,38.51684,-88.43531,-6,1
62824,Clay City,IL,38.689663,-88.35141,-6,1
62825,Coello,IL,37.996241,-89.06852,-6,1
62827,Crossville,IL,38.160972,-88.03291,-6,1
62828,Dahlgren,IL,38.190536,-88.62439,-6,1
62829,Dale,IL,37.999757,-88.50469,-6,1
62830,Dix,IL,38.441538,-88.96888,-6,1
62831,Du Bois,IL,38.22669,-89.20884,-6,1
62832,Du Quoin,IL,38.011729,-89.24688,-6,1
62833,Ellery,IL,38.361654,-88.16484,-6,1
62834,Emma,IL,37.97622,-88.120182,-6,1
62835,Enfield,IL,38.101667,-88.33357,-6,1
62836,Ewing,IL,38.096551,-88.82763,-6,1
62837,Fairfield,IL,38.374627,-88.35735,-6,1
62838,Farina,IL,38.857185,-88.7591,-6,1
62839,Flora,IL,38.667752,-88.48855,-6,1
62840,Frankfort Heights,IL,37.994296,-88.941665,-6,1
62841,Freeman Spur,IL,37.80308,-89.009201,-6,1
62842,Geff,IL,38.460323,-88.37124,-6,1
62843,Golden Gate,IL,38.365545,-88.19454,-6,1
62844,Grayville,IL,38.257064,-88.00353,-6,1
62845,Herald,IL,38.073931,-88.142657,-6,1
62846,Ina,IL,38.149474,-88.89634,-6,1
62847,Iola,IL,38.757302,-88.473594,-6,1
62848,Irvington,IL,38.436236,-89.16184,-6,1
62849,Iuka,IL,38.594744,-88.77464,-6,1
62850,Johnsonville,IL,38.513119,-88.58911,-6,1
62851,Keenes,IL,38.423947,-88.6692,-6,1
62852,Keensburg,IL,38.351613,-87.86464,-6,1
62853,Kell,IL,38.516025,-88.91954,-6,1
62854,Kinmundy,IL,38.768452,-88.82814,-6,1
62855,Lancaster,IL,38.403424,-87.818672,-6,1
62856,Logan,IL,37.994296,-88.941665,-6,1
62857,Loogootee,IL,38.911662,-88.87747,-6,1
62858,Louisville,IL,38.806292,-88.48012,-6,1
62859,McLeansboro,IL,38.090004,-88.53431,-6,1
62860,Macedonia,IL,38.041978,-88.73257,-6,1
62861,Maunie,IL,38.032574,-88.04663,-6,1
62862,Mill Shoals,IL,38.219997,-88.3121,-6,1
62863,Mount Carmel,IL,38.415676,-87.81077,-6,1
62864,Mount Vernon,IL,38.322558,-88.90842,-6,1
62865,Mulkeytown,IL,37.963264,-89.06906,-6,1
62866,Nason,IL,38.16542,-88.967551,-6,1
62867,New Haven,IL,37.914363,-88.12264,-6,1
62868,Noble,IL,38.696562,-88.23716,-6,1
62869,Norris City,IL,37.971434,-88.30419,-6,1
62870,Odin,IL,38.614141,-89.04738,-6,1
62871,Omaha,IL,37.877628,-88.29114,-6,1
62872,Opdyke,IL,38.281485,-88.7909,-6,1
62874,Orient,IL,37.921795,-88.97892,-6,1
62875,Patoka,IL,38.751756,-89.09581,-6,1
62876,Radom,IL,38.282464,-89.19356,-6,1
62877,Richview,IL,38.388876,-89.19244,-6,1
62878,Rinard,IL,38.578119,-88.49714,-6,1
62879,Sailor Springs,IL,38.764802,-88.35875,-6,1
62880,Saint Peter,IL,38.875494,-88.89365,-6,1
62881,Salem,IL,38.623789,-88.95361,-6,1
62882,Sandoval,IL,38.60823,-89.11963,-6,1
62883,Scheller,IL,38.164136,-89.11908,-6,1
62884,Sesser,IL,38.085829,-89.04697,-6,1
62885,Shobonier,IL,38.859515,-89.054,-6,1
62886,Sims,IL,38.374398,-88.53537,-6,1
62887,Springerton,IL,38.185822,-88.36923,-6,1
62888,Tamaroa,IL,38.127516,-89.22926,-6,1
62889,Texico,IL,38.455562,-88.8232,-6,1
62890,Thompsonville,IL,37.913984,-88.74922,-6,1
62891,Valier,IL,38.01492,-89.04226,-6,1
62892,Vernon,IL,38.804938,-89.08366,-6,1
62893,Walnut Hill,IL,38.469244,-89.03707,-6,1
62894,Waltonville,IL,38.212746,-89.03866,-6,1
62895,Wayne City,IL,38.34239,-88.58448,-6,1
62896,West Frankfort,IL,37.894496,-88.93037,-6,1
62897,Whittington,IL,38.084617,-88.92096,-6,1
62898,Woodlawn,IL,38.335675,-89.04867,-6,1
62899,Xenia,IL,38.661358,-88.64744,-6,1
62901,Carbondale,IL,37.707763,-89.19246,-6,1
62902,Carbondale,IL,37.758646,-89.415831,-6,1
62903,Carbondale,IL,37.758646,-89.415831,-6,1
62905,Alto Pass,IL,37.571235,-89.33462,-6,1
62906,Anna,IL,37.457806,-89.21408,-6,1
62907,Ava,IL,37.871546,-89.50721,-6,1
62908,Belknap,IL,37.308412,-88.88076,-6,1
62909,Boles,IL,37.44725,-88.876792,-6,1
62910,Brookport,IL,37.140282,-88.58186,-6,1
62912,Buncombe,IL,37.477639,-89.02992,-6,1
62913,Cache,IL,37.152775,-89.325581,-6,1
62914,Cairo,IL,37.025325,-89.18974,-6,1
62915,Cambria,IL,37.782057,-89.12184,-6,1
62916,Campbell Hill,IL,37.933269,-89.55501,-6,1
62917,Carrier Mills,IL,37.692923,-88.65284,-6,1
62918,Carterville,IL,37.766029,-89.08355,-6,1
62919,Cave In Rock,IL,37.495812,-88.16099,-6,1
62920,Cobden,IL,37.540571,-89.25489,-6,1
62921,Colp,IL,37.804876,-89.08118,-6,1
62922,Creal Springs,IL,37.613705,-88.83922,-6,1
62923,Cypress,IL,37.34,-89.03177,-6,1
62924,De Soto,IL,37.82526,-89.20301,-6,1
62926,Dongola,IL,37.363981,-89.15783,-6,1
62927,Dowell,IL,37.940448,-89.24091,-6,1
62928,Eddyville,IL,37.501552,-88.58141,-6,1
62930,Eldorado,IL,37.822259,-88.44456,-6,1
62931,Elizabethtown,IL,37.511139,-88.28284,-6,1
62932,Elkville,IL,37.907619,-89.23151,-6,1
62933,Energy,IL,37.774517,-89.02583,-6,1
62934,Equality,IL,37.716434,-88.37184,-6,1
62935,Galatia,IL,37.836537,-88.62298,-6,1
62938,Golconda,IL,37.374723,-88.52571,-6,1
62939,Goreville,IL,37.558235,-88.96661,-6,1
62940,Gorham,IL,37.727109,-89.47618,-6,1
62941,Grand Chain,IL,37.239385,-88.95184,-6,1
62942,Grand Tower,IL,37.629601,-89.48077,-6,1
62943,Grantsburg,IL,37.342538,-88.73381,-6,1
62944,Hamletsburg,IL,37.333591,-88.561428,-6,1
62946,Harrisburg,IL,37.725834,-88.54208,-6,1
62947,Herod,IL,37.567779,-88.39925,-6,1
62948,Herrin,IL,37.804014,-89.02702,-6,1
62949,Hurst,IL,37.835684,-89.14346,-6,1
62950,Jacob,IL,37.75858,-89.56055,-6,1
62951,Johnston City,IL,37.820724,-88.92647,-6,1
62952,Jonesboro,IL,37.42084,-89.31217,-6,1
62953,Joppa,IL,37.20812,-88.84304,-6,1
62954,Junction,IL,37.703552,-88.26498,-6,1
62955,Karbers Ridge,IL,37.500757,-88.238292,-6,1
62956,Karnak,IL,37.279433,-88.93959,-6,1
62957,McClure,IL,37.305331,-89.43066,-6,1
62958,Makanda,IL,37.612173,-89.17587,-6,1
62959,Marion,IL,37.724504,-88.92968,-6,1
62960,Metropolis,IL,37.18308,-88.73327,-6,1
62961,Millcreek,IL,37.340918,-89.254203,-6,1
62962,Miller City,IL,37.097546,-89.33547,-6,1
62963,Mound City,IL,37.08751,-89.16532,-6,1
62964,Mounds,IL,37.119739,-89.20174,-6,1
62965,Muddy,IL,37.801972,-88.548695,-6,1
62966,Murphysboro,IL,37.771806,-89.33971,-6,1
62967,New Burnside,IL,37.582136,-88.76394,-6,1
62969,Olive Branch,IL,37.159227,-89.34153,-6,1
62970,Olmsted,IL,37.199769,-89.10964,-6,1
62971,Oraville,IL,37.758646,-89.415831,-6,1
62972,Ozark,IL,37.548762,-88.74145,-6,1
62973,Perks,IL,37.311333,-89.083056,-6,1
62974,Pittsburg,IL,37.780592,-88.82344,-6,1
62975,Pomona,IL,37.618822,-89.3617,-6,1
62976,Pulaski,IL,37.214012,-89.21039,-6,1
62977,Raleigh,IL,37.844963,-88.54416,-6,1
62979,Ridgway,IL,37.796784,-88.24393,-6,1
62982,Rosiclare,IL,37.426076,-88.34815,-6,1
62983,Royalton,IL,37.884066,-89.11128,-6,1
62984,Shawneetown,IL,37.712847,-88.16553,-6,1
62985,Simpson,IL,37.458878,-88.69466,-6,1
62987,Stonefort,IL,37.635792,-88.67912,-6,1
62988,Tamms,IL,37.240381,-89.28271,-6,1
62990,Thebes,IL,37.223589,-89.42243,-6,1
62991,Tunnel Hill,IL,37.540479,-88.86601,-6,1
62992,Ullin,IL,37.272477,-89.17123,-6,1
62993,Unity,IL,37.150263,-89.27351,-6,1
62994,Vergennes,IL,37.901441,-89.33485,-6,1
62995,Vienna,IL,37.422815,-88.88016,-6,1
62996,Villa Ridge,IL,37.152714,-89.1632,-6,1
62997,Willisville,IL,37.983687,-89.5905,-6,1
62998,Wolf Lake,IL,37.508233,-89.43987,-6,1
62999,Zeigler,IL,37.8974,-89.05385,-6,1
